url;lang;entity;nb_redirects;nb_view_month;page_creator;nb_edit;creation_date_row;last_modif_date
https://ht.wikipedia.org/wiki/Selmy_Accilien;ht;Selmy_Accilien;0;4;|Jeantymarvens (Diskite || kontribisyon yo)|;8;6 janvye 2019 à 20:09;8 janvye 2019 à 11:00
https://en.wikipedia.org/wiki/Louis-Philippe_Dalembert;en;Louis-Philippe_Dalembert;0;116;|Alexievich (talk || contribs)|;95;09:10, 13 October 2007;05:14, 28 June 2020
https://fr.wikipedia.org/wiki/%C3%89meline_Michel;fr;%C3%89meline_Michel;0;556;|Alexgrim (discuter || contributions)|;23;5 août 2015 à 23:09;28 mai 2020 à 03:01
https://ht.wikipedia.org/wiki/Marie-C%C3%A9lie_Agnant;ht;Marie-C%C3%A9lie_Agnant;0;3;|Masterches (Diskite || kontribisyon yo)|;10;8 fevriye 2008 à 16:28;7 oktòb 2018 à 20:22
https://en.wikipedia.org/wiki/Lenelle_Mo%C3%AFse;en;Lenelle_Mo%C3%AFse;0;69;|Art Warrior (talk || contribs)|;69;00:06, 30 January 2008;16:54, 25 December 2020
https://fr.wikipedia.org/wiki/Jan_J._Dominique;fr;Jan_J._Dominique;0;31;|Amandine Marqueur (discuter || contributions)|;21;3 mai 2019 à 03:29;22 décembre 2020 à 16:24
https://ht.wikipedia.org/wiki/Georges_Anglade;ht;Georges_Anglade;0;3;|Masterches (Diskite || kontribisyon yo)|;12;8 fevriye 2008 à 00:05;23 desanm 2019 à 16:07
https://fr.wikipedia.org/wiki/Paul_Laraque;fr;Paul_Laraque;0;8;|Banjamin (discuter || contributions)|;27;24 mars 2007 à 21:25;2 juillet 2018 à 14:39
https://ht.wikipedia.org/wiki/Nassur_Attoumani;ht;Nassur_Attoumani;0;1;|Masterches (Diskite || kontribisyon yo)|;9;16 fevriye 2008 à 23:10;28 oktòb 2018 à 15:12
https://en.wikipedia.org/wiki/Dany_Laferri%C3%A8re;en;Dany_Laferri%C3%A8re;0;1,513;|Bearcat (talk || contribs)|;187;23:41, 19 March 2006;23:13, 26 January 2021
https://ht.wikipedia.org/wiki/Elsie_Augustave;ht;Elsie_Augustave;0;2;|Gilles2014 (Diskite || kontribisyon yo)|;1;20 jiyè 2018 à 13:23;20 jiyè 2018 à 13:23
https://ht.wikipedia.org/wiki/Bonel_Auguste;ht;Bonel_Auguste;0;1;|Masterches (Diskite || kontribisyon yo)|;12;7 fevriye 2008 à 14:03;8 septanm 2018 à 20:52
https://ht.wikipedia.org/wiki/Gary_Augustin;ht;Gary_Augustin;0;1;|Masterches (Diskite || kontribisyon yo)|;8;7 fevriye 2008 à 23:59;8 septanm 2018 à 20:57
https://en.wikipedia.org/wiki/Rodney_Saint-%C3%89loi;en;Rodney_Saint-%C3%89loi;0;75;|Bearcat (talk || contribs)|;12;00:58, 8 November 2016;22:06, 25 March 2019
https://ht.wikipedia.org/wiki/Abdou_Baco;ht;Abdou_Baco;0;1;|Masterches (Diskite || kontribisyon yo)|;11;16 fevriye 2008 à 23:10;30 oktòb 2014 à 14:13
https://en.wikipedia.org/wiki/Mimi_Barth%C3%A9l%C3%A9my;en;Mimi_Barth%C3%A9l%C3%A9my;0;60;|Big iron (talk || contribs)|;20;05:55, 13 February 2016;05:01, 11 January 2021
https://fr.wikipedia.org/wiki/Edwidge_Danticat;fr;Edwidge_Danticat;0;193;|BARBARE42 (discuter || contributions)|;69;6 mai 2007 à 12:42;25 octobre 2020 à 03:10
https://ht.wikipedia.org/wiki/Jean-Claude_Bajeux;ht;Jean-Claude_Bajeux;0;2;|Masterches (Diskite || kontribisyon yo)|;10;16 fevriye 2008 à 03:42;20 oktòb 2019 à 19:32
https://en.wikipedia.org/wiki/Jacqueline_Beaug%C3%A9-Rosier;en;Jacqueline_Beaug%C3%A9-Rosier;0;39;|Big iron (talk || contribs)|;19;19:56, 13 February 2016;21:56, 20 October 2020
https://fr.wikipedia.org/wiki/Jacques_Roche;fr;Jacques_Roche;0;80;|Bbullot (discuter || contributions)|;33;25 avril 2006 à 11:03;29 février 2020 à 16:25
https://ht.wikipedia.org/wiki/Mimi_Barth%C3%A9l%C3%A9my;ht;Mimi_Barth%C3%A9l%C3%A9my;0;1;|Masterches (Diskite || kontribisyon yo)|;34;8 fevriye 2008 à 16:33;25 desanm 2019 à 20:06
https://fr.wikipedia.org/wiki/%C3%89tienne_Maurice_G%C3%A9rard;fr;%C3%89tienne_Maurice_G%C3%A9rard;3;647;|Belgavox (discuter || contributions)|;307;18 juillet 2005 à 12:20;22 janvier 2021 à 12:47
https://ht.wikipedia.org/wiki/Dominique_Batraville;ht;Dominique_Batraville;0;2;|Masterches (Diskite || kontribisyon yo)|;19;7 fevriye 2008 à 15:24;15 septanm 2020 à 16:22
https://en.wikipedia.org/wiki/Lilas_Desquiron;en;Lilas_Desquiron;0;30;|Big iron (talk || contribs)|;14;04:12, 18 February 2016;05:02, 11 January 2021
https://fr.wikipedia.org/wiki/Kettly_Mars;fr;Kettly_Mars;0;250;|Bnmanioc (discuter || contributions)|;75;18 avril 2011 à 15:55;26 mai 2020 à 13:53
https://ht.wikipedia.org/wiki/Jacqueline_Beaug%C3%A9-Rosier;ht;Jacqueline_Beaug%C3%A9-Rosier;0;0;|Masterches (Diskite || kontribisyon yo)|;9;8 fevriye 2008 à 00:11;19 oktòb 2014 à 08:47
https://ht.wikipedia.org/wiki/Jules_Bellerice;ht;Jules_Bellerice;0;1;|Masterches (Diskite || kontribisyon yo)|;6;16 fevriye 2008 à 03:43;19 oktòb 2014 à 13:26
https://ht.wikipedia.org/wiki/Franz_Benjamin;ht;Franz_Benjamin;0;2;|Masterches (Diskite || kontribisyon yo)|;18;7 fevriye 2008 à 23:58;7 fevriye 2017 à 23:24
https://en.wikipedia.org/wiki/Jessica_Fi%C3%A8vre;en;Jessica_Fi%C3%A8vre;0;61;|Big iron (talk || contribs)|;27;20:41, 17 February 2016;05:02, 11 January 2021
https://fr.wikipedia.org/wiki/Claude_C._Pierre;fr;Claude_C._Pierre;0;28;|Célia Ringeval (discuter || contributions)|;42;12 avril 2011 à 19:26;2 juillet 2018 à 14:48
https://ht.wikipedia.org/wiki/G%C3%A9rald_Bloncourt;ht;G%C3%A9rald_Bloncourt;0;1;|Masterches (Diskite || kontribisyon yo)|;15;8 fevriye 2008 à 00:07;3 janvye 2020 à 20:37
https://ht.wikipedia.org/wiki/Jean-Marie_Bourjolly;ht;Jean-Marie_Bourjolly;0;0;|Masterches (Diskite || kontribisyon yo)|;6;8 fevriye 2008 à 02:50;16 oktòb 2014 à 06:42
https://ht.wikipedia.org/wiki/Jean-Pierre_Brax;ht;Jean-Pierre_Brax;0;9;|Masterches (Diskite || kontribisyon yo)|;18;16 fevriye 2008 à 03:42;2 jiyè 2018 à 11:34
https://ht.wikipedia.org/wiki/Emmanuel_Buriez;ht;Emmanuel_Buriez;0;2;|Creolka (Diskite || kontribisyon yo)|;41;13 septanm 2017 à 18:56;11 septanm 2020 à 19:38
https://fr.wikipedia.org/wiki/Dominique_Batraville;fr;Dominique_Batraville;0;53;|Chris a liege (discuter || contributions)|;26;3 avril 2014 à 17:50;15 septembre 2020 à 16:54
https://ht.wikipedia.org/wiki/Maurice_Cadet;ht;Maurice_Cadet;0;0;|Masterches (Diskite || kontribisyon yo)|;22;16 fevriye 2008 à 03:45;5 septanm 2020 à 12:31
https://ht.wikipedia.org/wiki/Jean-Max_Calvin;ht;Jean-Max_Calvin;0;0;|Masterches (Diskite || kontribisyon yo)|;7;8 fevriye 2008 à 02:50;20 oktòb 2014 à 19:34
https://ht.wikipedia.org/wiki/Charles_Edward_Caplife;ht;Charles_Edward_Caplife;0;0;|Masterches (Diskite || kontribisyon yo)|;9;16 fevriye 2008 à 03:29;3 novanm 2018 à 12:36
https://en.wikipedia.org/wiki/Mona_Gu%C3%A9rin;en;Mona_Gu%C3%A9rin;0;45;|Big iron (talk || contribs)|;12;23:45, 14 February 2016;05:02, 11 January 2021
https://fr.wikipedia.org/wiki/Yanick_Lahens;fr;Yanick_Lahens;0;370;|Chris a liege (discuter || contributions)|;74;17 janvier 2013 à 18:14;26 octobre 2020 à 00:01
https://ht.wikipedia.org/wiki/Georges_Castera;ht;Georges_Castera;0;10;|Masterches (Diskite || kontribisyon yo)|;11;8 fevriye 2008 à 00:06;22 fevriye 2020 à 13:43
https://ht.wikipedia.org/wiki/Syto_Cav%C3%A9;ht;Syto_Cav%C3%A9;0;14;|Masterches (Diskite || kontribisyon yo)|;13;9 fevriye 2008 à 23:25;17 janvye 2019 à 12:35
https://fr.wikipedia.org/wiki/Serge_Legagneur;fr;Serge_Legagneur;0;11;|Cleopatre6640 (discuter || contributions)|;39;18 août 2017 à 15:20;20 mai 2020 à 10:43
https://ht.wikipedia.org/wiki/%C3%89mile_C%C3%A9lestin-M%C3%A9gie;ht;%C3%89mile_C%C3%A9lestin-M%C3%A9gie;0;5;|Masterches (Diskite || kontribisyon yo)|;17;16 fevriye 2008 à 03:30;17 jiyè 2018 à 15:51
https://en.wikipedia.org/wiki/Nadine_Magloire;en;Nadine_Magloire;0;33;|Big iron (talk || contribs)|;4;02:06, 4 February 2018;03:35, 20 September 2020
https://ht.wikipedia.org/wiki/Jean-Claude_Charles;ht;Jean-Claude_Charles;0;1;|Masterches (Diskite || kontribisyon yo)|;8;8 fevriye 2008 à 02:47;15 me 2019 à 12:31
https://en.wikipedia.org/wiki/Emmelie_Proph%C3%A8te;en;Emmelie_Proph%C3%A8te;0;57;|Big iron (talk || contribs)|;9;21:38, 15 February 2016;05:05, 11 January 2021
https://fr.wikipedia.org/wiki/Makenzy_Orcel;fr;Makenzy_Orcel;0;166;|Cottardin (discuter || contributions)|;92;21 février 2012 à 12:55;16 janvier 2021 à 15:53
https://ht.wikipedia.org/wiki/Christophe_Charles;ht;Christophe_Charles;0;1;|Masterches (Diskite || kontribisyon yo)|;12;7 fevriye 2008 à 15:15;30 janvye 2019 à 14:10
https://en.wikipedia.org/wiki/Marl%C3%A8ne_Rigaud_Apollon;en;Marl%C3%A8ne_Rigaud_Apollon;0;18;|Big iron (talk || contribs)|;14;17:05, 14 February 2016;05:03, 11 January 2021
https://fr.wikipedia.org/wiki/Jean_M%C3%A9tellus;fr;Jean_M%C3%A9tellus;0;203;|DavidPremier (discuter || contributions)|;139;1 février 2007 à 21:40;31 juillet 2020 à 10:22
https://ht.wikipedia.org/wiki/Raymond_Chassagne;ht;Raymond_Chassagne;0;1;|Masterches (Diskite || kontribisyon yo)|;6;8 fevriye 2008 à 16:47;24 novanm 2014 à 06:43
https://ht.wikipedia.org/wiki/Romel_Chery;ht;Romel_Chery;0;0;|Masterches (Diskite || kontribisyon yo)|;5;16 fevriye 2008 à 03:50;26 mas 2009 à 10:55
https://ht.wikipedia.org/wiki/Pierre_Clitandre;ht;Pierre_Clitandre;0;0;|Masterches (Diskite || kontribisyon yo)|;10;8 fevriye 2008 à 16:43;29 oktòb 2019 à 13:46
https://fr.wikipedia.org/wiki/Mimi_Barth%C3%A9l%C3%A9my;fr;Mimi_Barth%C3%A9l%C3%A9my;0;1 564;|Eric.LEWIN (discuter || contributions)|;53;3 mai 2013 à 09:19;10 décembre 2020 à 00:23
https://ht.wikipedia.org/wiki/Georges_Cocks;ht;Georges_Cocks;0;2;|Gilles2014 (Diskite || kontribisyon yo)|;2;28 out 2018 à 16:06;28 out 2018 à 16:09
https://ht.wikipedia.org/wiki/Jean_Andr%C3%A9_Constant;ht;Jean_Andr%C3%A9_Constant;0;3;|Masterches (Diskite || kontribisyon yo)|;8;8 fevriye 2008 à 00:37;20 oktòb 2014 à 06:21
https://ht.wikipedia.org/wiki/Verly_Dabel;ht;Verly_Dabel;0;3;|Masterches (Diskite || kontribisyon yo)|;10;16 fevriye 2008 à 03:51;7 avril 2020 à 21:42
https://en.wikipedia.org/wiki/Elsie_Sur%C3%A9na;en;Elsie_Sur%C3%A9na;0;38;|Big iron (talk || contribs)|;15;22:29, 15 December 2016;22:33, 5 January 2021
https://fr.wikipedia.org/wiki/Maximilien_Laroche;fr;Maximilien_Laroche;0;136;|Great11 (discuter || contributions)|;119;5 août 2017 à 23:15;27 janvier 2021 à 12:45
https://ht.wikipedia.org/wiki/Louis-Philippe_Dalembert;ht;Louis-Philippe_Dalembert;0;3;|Masterches (Diskite || kontribisyon yo)|;27;4 fevriye 2008 à 07:50;14 septanm 2018 à 19:46
https://fr.wikipedia.org/wiki/Jo%C3%ABl_Des_Rosiers;fr;Jo%C3%ABl_Des_Rosiers;0;82;|Grosnombril (discuter || contributions)|;110;1 décembre 2005 à 04:01;7 février 2020 à 12:11
https://en.wikipedia.org/wiki/Marie-Alice_Th%C3%A9ard;en;Marie-Alice_Th%C3%A9ard;0;15;|Big iron (talk || contribs)|;3;19:41, 12 February 2018;19:56, 26 September 2018
https://fr.wikipedia.org/wiki/Raymond_Chassagne;fr;Raymond_Chassagne;0;16;|Hadrianus (discuter || contributions)|;12;20 novembre 2020 à 12:12;24 janvier 2021 à 23:55
https://ht.wikipedia.org/wiki/Edwidge_Danticat;ht;Edwidge_Danticat;0;9;|Masterches (Diskite || kontribisyon yo)|;21;7 fevriye 2008 à 15:26;10 septanm 2019 à 19:10
https://en.wikipedia.org/wiki/%C3%89velyne_Trouillot;en;%C3%89velyne_Trouillot;0;141;|Big iron (talk || contribs)|;35;04:13, 16 February 2016;05:03, 11 January 2021
https://ht.wikipedia.org/wiki/Davertige;ht;Davertige;0;3;|Masterches (Diskite || kontribisyon yo)|;10;16 fevriye 2008 à 03:24;18 avril 2018 à 20:43
https://en.wikipedia.org/wiki/Elsie_Augustave;en;Elsie_Augustave;0;45;|Cbalan (talk || contribs)|;56;18:07, 14 March 2015;16:55, 18 October 2020
https://ht.wikipedia.org/wiki/Kern_Delince;ht;Kern_Delince;0;1;|Masterches (Diskite || kontribisyon yo)|;6;16 fevriye 2008 à 03:43;16 novanm 2014 à 08:15
https://en.wikipedia.org/wiki/Leslie_Manigat;en;Leslie_Manigat;0;1,097;|Ed Poor (talk || contribs)|;133;13:51, 17 March 2004;02:36, 31 December 2020
https://fr.wikipedia.org/wiki/Jacqueline_Scott-Lemoine;fr;Jacqueline_Scott-Lemoine;0;60;|HenriDavel (discuter || contributions)|;41;9 août 2016 à 20:04;31 août 2020 à 11:29
https://ht.wikipedia.org/wiki/Ren%C3%A9_Depestre;ht;Ren%C3%A9_Depestre;0;6;|Masterches (Diskite || kontribisyon yo)|;8;4 out 2008 à 04:29;4 fevriye 2019 à 20:33
https://ht.wikipedia.org/wiki/Sophia_D%C3%A9sir;ht;Sophia_D%C3%A9sir;0;9;|Masterches (Diskite || kontribisyon yo)|;23;16 fevriye 2008 à 03:50;14 oktòb 2020 à 12:36
https://en.wikipedia.org/wiki/Lyonel_Trouillot;en;Lyonel_Trouillot;0;213;|Feanor0 (talk || contribs)|;62;21:49, 25 December 2013;22:21, 21 July 2020
https://ht.wikipedia.org/wiki/Lilas_Desquiron;ht;Lilas_Desquiron;0;5;|Masterches (Diskite || kontribisyon yo)|;6;16 fevriye 2008 à 03:44;23 oktòb 2014 à 06:13
https://ht.wikipedia.org/wiki/Jenner_Desroches;ht;Jenner_Desroches;0;0;|Masterches (Diskite || kontribisyon yo)|;6;16 fevriye 2008 à 03:42;22 novanm 2014 à 07:06
https://fr.wikipedia.org/wiki/Haveson_Florvil;fr;Haveson_Florvil;0;5;|HFE509 (discuter || contributions)|;49;3 juillet 2020 à 23:59;7 octobre 2020 à 08:14
https://ht.wikipedia.org/wiki/Jo%C3%ABl_Des_Rosiers;ht;Jo%C3%ABl_Des_Rosiers;0;2;130.79.214.178 (Diskite);13;8 fevriye 2008 à 09:54;2 fevriye 2019 à 13:10
https://fr.wikipedia.org/wiki/Lyonel_Trouillot;fr;Lyonel_Trouillot;0;1 718;|Izcitizn (discuter || contributions)|;156;13 septembre 2009 à 19:37;27 janvier 2021 à 09:56
https://ht.wikipedia.org/wiki/Jan_J._Dominique;ht;Jan_J._Dominique;0;0;|Masterches (Diskite || kontribisyon yo)|;8;16 fevriye 2008 à 03:41;17 fevriye 2016 à 05:24
https://ht.wikipedia.org/wiki/Max_Dorsinville;ht;Max_Dorsinville;0;0;|Masterches (Diskite || kontribisyon yo)|;7;16 fevriye 2008 à 03:46;2 novanm 2014 à 07:11
https://ht.wikipedia.org/wiki/Duccha;ht;Duccha;0;1;|Masterches (Diskite || kontribisyon yo)|;12;16 fevriye 2008 à 03:25;29 janvye 2018 à 19:00
https://fr.wikipedia.org/wiki/Gary_Klang;fr;Gary_Klang;0;77;|Jacob1988~frwiki (discuter || contributions)|;67;24 juillet 2009 à 22:15;5 janvier 2020 à 16:49
https://ht.wikipedia.org/wiki/Soeuf_Elbadawi;ht;Soeuf_Elbadawi;0;0;|Masterches (Diskite || kontribisyon yo)|;8;16 fevriye 2008 à 23:11;28 oktòb 2018 à 15:16
https://en.wikipedia.org/wiki/Marie-S%C5%93urette_Mathieu;en;Marie-S%C5%93urette_Mathieu;0;18;|Gaudio (talk || contribs)|;45;12:51, 28 August 2011;01:02, 7 February 2020
https://fr.wikipedia.org/wiki/Josaphat-Robert_Large;fr;Josaphat-Robert_Large;0;54;|Jacob1988~frwiki (discuter || contributions)|;164;7 septembre 2008 à 01:49;26 octobre 2020 à 00:04
https://fr.wikipedia.org/wiki/Jean-Claude_Fignol%C3%A9;fr;Jean-Claude_Fignol%C3%A9;0;88;|Jayapura (discuter || contributions)|;55;12 décembre 2008 à 22:29;15 octobre 2020 à 15:48
https://ht.wikipedia.org/wiki/Emmanuel_Eug%C3%A8ne;ht;Emmanuel_Eug%C3%A8ne;0;3;|Masterches (Diskite || kontribisyon yo)|;14;16 fevriye 2008 à 03:30;31 desanm 2020 à 12:39
https://ht.wikipedia.org/wiki/Marc_Exavier;ht;Marc_Exavier;0;1;|Masterches (Diskite || kontribisyon yo)|;6;8 fevriye 2008 à 16:25;25 oktòb 2014 à 18:22
https://ht.wikipedia.org/wiki/Farah-Martine_Lh%C3%A9risson;ht;Farah-Martine_Lh%C3%A9risson;0;3;|Masterches (Diskite || kontribisyon yo)|;14;16 fevriye 2008 à 03:31;9 novanm 2020 à 16:34
https://en.wikipedia.org/wiki/Jean-Claude_Bajeux;en;Jean-Claude_Bajeux;0;56;|Ian Pitchford (talk || contribs)|;93;13:26, 24 September 2005;10:23, 1 January 2021
https://ht.wikipedia.org/wiki/Jessica_Fi%C3%A8vre;ht;Jessica_Fi%C3%A8vre;0;3;|Masterches (Diskite || kontribisyon yo)|;16;8 fevriye 2008 à 02:51;19 oktòb 2014 à 13:44
https://en.wikipedia.org/wiki/Gary_Klang;en;Gary_Klang;0;31;|Jacob1988 (talk || contribs)|;84;10:46, 5 July 2009;15:29, 3 July 2020
https://fr.wikipedia.org/wiki/Anthony_Phelps;fr;Anthony_Phelps;0;172;|Jeangagnon (discuter || contributions)|;62;2 février 2008 à 21:18;20 novembre 2020 à 12:23
https://ht.wikipedia.org/wiki/Jean-Claude_Fignol%C3%A9;ht;Jean-Claude_Fignol%C3%A9;0;1;|Masterches (Diskite || kontribisyon yo)|;17;8 fevriye 2008 à 02:47;16 me 2019 à 12:51
https://ht.wikipedia.org/wiki/Jean_Florival;ht;Jean_Florival;0;0;|Masterches (Diskite || kontribisyon yo)|;6;16 fevriye 2008 à 03:41;23 desanm 2014 à 20:38
https://fr.wikipedia.org/wiki/G%C3%A9rald_Bloncourt;fr;G%C3%A9rald_Bloncourt;0;140;|Jeanhousen (discuter || contributions)|;105;17 septembre 2012 à 12:35;19 octobre 2020 à 10:13
https://ht.wikipedia.org/wiki/D%C3%A9ita;ht;D%C3%A9ita;0;8;|Masterches (Diskite || kontribisyon yo)|;14;16 fevriye 2008 à 03:24;17 fevriye 2019 à 21:46
https://en.wikipedia.org/wiki/Josaphat-Robert_Large;en;Josaphat-Robert_Large;0;685;|Jacob1988 (talk || contribs)|;253;01:09, 20 March 2007;03:34, 19 October 2020
https://fr.wikipedia.org/wiki/Jean-Claude_Garoute;fr;Jean-Claude_Garoute;0;226;|Jeanhousen (discuter || contributions)|;47;3 août 2010 à 15:25;29 décembre 2020 à 16:36
https://ht.wikipedia.org/wiki/Frank%C3%A9tienne;ht;Frank%C3%A9tienne;0;139;|Masterches (Diskite || kontribisyon yo)|;23;7 fevriye 2008 à 23:57;16 avril 2020 à 12:14
https://ht.wikipedia.org/wiki/Emilie_Franz;ht;Emilie_Franz;0;3;|Masterches (Diskite || kontribisyon yo)|;6;16 fevriye 2008 à 03:30;21 jen 2012 à 01:03
https://ht.wikipedia.org/wiki/Genevi%C3%A8ve_Gaillard-Vant%C3%A9;ht;Genevi%C3%A8ve_Gaillard-Vant%C3%A9;0;0;|Masterches (Diskite || kontribisyon yo)|;9;8 fevriye 2008 à 00:05;2 oktòb 2014 à 14:06
https://en.wikipedia.org/wiki/Georges_Anglade;en;Georges_Anglade;0;417;|Jeepmtl~enwiki (talk || contribs)|;99;06:53, 14 January 2010;19:33, 30 December 2020
https://fr.wikipedia.org/wiki/Georges_Castera;fr;Georges_Castera;0;276;|Ji-Elle (discuter || contributions)|;58;20 juillet 2015 à 07:46;25 octobre 2020 à 05:59
https://ht.wikipedia.org/wiki/Jean-Claude_Garoute_(Tiga);ht;Jean-Claude_Garoute_(Tiga);0;1;|Phaiti (Diskite || kontribisyon yo)|;5;17 septanm 2011 à 22:24;3 jen 2018 à 15:20
https://en.wikipedia.org/wiki/Marie-C%C3%A9lie_Agnant;en;Marie-C%C3%A9lie_Agnant;0;100;|Jesus geek (talk || contribs)|;70;18:43, 24 October 2007;20:52, 25 September 2019
https://ht.wikipedia.org/wiki/Mona_Gu%C3%A9rin;ht;Mona_Gu%C3%A9rin;0;3;|Masterches (Diskite || kontribisyon yo)|;24;8 fevriye 2008 à 16:34;12 avril 2020 à 09:51
https://ht.wikipedia.org/wiki/Maude_Heurtelou;ht;Maude_Heurtelou;0;3;|Masterches (Diskite || kontribisyon yo)|;11;16 fevriye 2008 à 03:45;8 oktòb 2018 à 14:52
https://fr.wikipedia.org/wiki/Jean-Robert_L%C3%A9onidas;fr;Jean-Robert_L%C3%A9onidas;0;44;|Jleonidas (discuter || contributions)|;142;13 septembre 2009 à 03:35;31 janvier 2020 à 15:47
https://en.wikipedia.org/wiki/Georges_Castera;en;Georges_Castera;0;63;|Jmanlucas (talk || contribs)|;10;23:25, 25 January 2020;20:58, 8 May 2020
https://ht.wikipedia.org/wiki/La%C3%ABnnec_Hurbon;ht;La%C3%ABnnec_Hurbon;0;1;|Masterches (Diskite || kontribisyon yo)|;19;8 fevriye 2008 à 10:03;18 out 2018 à 09:09
https://ht.wikipedia.org/wiki/Joanne_Hyppolite;ht;Joanne_Hyppolite;0;0;|Masterches (Diskite || kontribisyon yo)|;5;16 fevriye 2008 à 03:43;26 mas 2009 à 11:52
https://fr.wikipedia.org/wiki/Georges_Anglade;fr;Georges_Anglade;0;589;|KarlDubost (discuter || contributions)|;89;14 janvier 2010 à 04:03;12 mai 2020 à 05:23
https://fr.wikipedia.org/wiki/Maurice_Cadet;fr;Maurice_Cadet;0;14;|Kitanago (discuter || contributions)|;72;6 octobre 2018 à 14:49;4 novembre 2020 à 21:03
https://ht.wikipedia.org/wiki/Wiener_Kerns_Fleurimond;ht;Wiener_Kerns_Fleurimond;0;1;|Masterches (Diskite || kontribisyon yo)|;12;16 fevriye 2008 à 03:51;24 desanm 2014 à 10:03
https://en.wikipedia.org/wiki/G%C3%A9rald_Bloncourt;en;G%C3%A9rald_Bloncourt;0;87;|Jwillbur (talk || contribs)|;33;22:15, 9 November 2006;15:37, 22 October 2020
https://fr.wikipedia.org/wiki/%C3%89mile_C%C3%A9lestin-M%C3%A9gie;fr;%C3%89mile_C%C3%A9lestin-M%C3%A9gie;0;33;|Kitanago (discuter || contributions)|;25;31 mars 2019 à 03:07;1 décembre 2020 à 03:28
https://ht.wikipedia.org/wiki/Gary_Klang;ht;Gary_Klang;0;3;|Masterches (Diskite || kontribisyon yo)|;25;8 fevriye 2008 à 00:00;8 fevriye 2019 à 11:18
https://ht.wikipedia.org/wiki/Rassoul_Labuchin;ht;Rassoul_Labuchin;0;0;|Masterches (Diskite || kontribisyon yo)|;20;18 fevriye 2008 à 02:48;11 oktòb 2019 à 18:26
https://en.wikipedia.org/wiki/Christophe_Charles;en;Christophe_Charles;0;16;|Jwillbur (talk || contribs)|;26;00:47, 7 November 2006;17:16, 10 February 2020
https://fr.wikipedia.org/wiki/Christophe_Philippe_Charles;fr;Christophe_Philippe_Charles;0;29;|Kitanago (discuter || contributions)|;37;2 février 2019 à 06:00;11 août 2019 à 11:42
https://ht.wikipedia.org/wiki/Dany_Laferri%C3%A8re;ht;Dany_Laferri%C3%A8re;0;99;|Staatenloser~htwiki (Diskite || kontribisyon yo)|;52;4 septanm 2005 à 16:31;23 avril 2020 à 23:29
https://fr.wikipedia.org/wiki/Coutech%C3%A8ve_Lavoie_Aupont;fr;Coutech%C3%A8ve_Lavoie_Aupont;0;10;|Kitanago (discuter || contributions)|;51;5 février 2019 à 03:37;3 février 2021 à 06:39
https://ht.wikipedia.org/wiki/Fred_Edson_Lafortune;ht;Fred_Edson_Lafortune;0;0;|Gilles2014 (Diskite || kontribisyon yo)|;4;24 jiyè 2018 à 13:49;30 septanm 2018 à 20:21
https://ht.wikipedia.org/wiki/Alex_Laguerre;ht;Alex_Laguerre;0;2;|Masterches (Diskite || kontribisyon yo)|;18;16 fevriye 2008 à 03:27;23 oktòb 2018 à 15:16
https://en.wikipedia.org/wiki/Villard_Denis;en;Villard_Denis;0;16;|Jwillbur (talk || contribs)|;45;16:07, 10 November 2006;16:56, 4 September 2020
https://fr.wikipedia.org/wiki/Rodolphe_Mathurin;fr;Rodolphe_Mathurin;0;12;|Kitanago (discuter || contributions)|;38;24 janvier 2020 à 00:49;13 novembre 2020 à 01:32
https://ht.wikipedia.org/wiki/Yanick_Lahens;ht;Yanick_Lahens;0;3;|Masterches (Diskite || kontribisyon yo)|;13;9 fevriye 2008 à 23:27;9 me 2019 à 21:19
https://fr.wikipedia.org/wiki/Jean-Euph%C3%A8le_Milc%C3%A9;fr;Jean-Euph%C3%A8le_Milc%C3%A9;0;32;|Kitanago (discuter || contributions)|;36;28 janvier 2019 à 03:14;1 août 2020 à 22:10
https://ht.wikipedia.org/wiki/Paul_Laraque;ht;Paul_Laraque;0;2;|Masterches (Diskite || kontribisyon yo)|;9;8 fevriye 2008 à 16:40;14 novanm 2014 à 16:17
https://en.wikipedia.org/wiki/Ren%C3%A9_Depestre;en;Ren%C3%A9_Depestre;0;491;|Jwillbur (talk || contribs)|;103;04:47, 7 November 2006;21:43, 25 January 2021
https://fr.wikipedia.org/wiki/Il%C3%A9us_Papillon;fr;Il%C3%A9us_Papillon;0;29;|Kitanago (discuter || contributions)|;55;29 janvier 2019 à 03:42;5 octobre 2020 à 12:44
https://ht.wikipedia.org/wiki/Josaphat-Robert_Large;ht;Josaphat-Robert_Large;0;4;|Masterches (Diskite || kontribisyon yo)|;114;8 fevriye 2008 à 09:55;27 jen 2019 à 17:12
https://fr.wikipedia.org/wiki/Janine_Tavernier;fr;Janine_Tavernier;0;148;|Le chicon masqué (discuter || contributions)|;58;21 octobre 2006 à 20:20;23 janvier 2021 à 20:11
https://ht.wikipedia.org/wiki/Maximilien_Laroche;ht;Maximilien_Laroche;0;7;|Masterches (Diskite || kontribisyon yo)|;13;8 fevriye 2008 à 16:32;19 jiyè 2018 à 13:36
https://ht.wikipedia.org/wiki/Marc_Laroche;ht;Marc_Laroche;0;6;|Masterches (Diskite || kontribisyon yo)|;21;8 fevriye 2008 à 16:26;12 out 2018 à 14:35
https://ht.wikipedia.org/wiki/Denize_Lauture;ht;Denize_Lauture;0;0;|Masterches (Diskite || kontribisyon yo)|;8;16 fevriye 2008 à 23:12;20 oktòb 2014 à 19:43
https://fr.wikipedia.org/wiki/%C3%89velyne_Trouillot;fr;%C3%89velyne_Trouillot;0;237;|Lebiblio (discuter || contributions)|;21;10 février 2016 à 19:10;4 janvier 2021 à 12:02
https://ht.wikipedia.org/wiki/Coutech%C3%A8ve_Lavoie_Aupont;ht;Coutech%C3%A8ve_Lavoie_Aupont;0;0;|Gilles2014 (Diskite || kontribisyon yo)|;5;9 septanm 2018 à 15:13;4 mas 2019 à 12:07
https://ht.wikipedia.org/wiki/Frantz_Leconte;ht;Frantz_Leconte;0;0;|Masterches (Diskite || kontribisyon yo)|;6;16 fevriye 2008 à 03:25;5 fevriye 2015 à 16:47
https://fr.wikipedia.org/wiki/Emmanuel_Eug%C3%A8ne;fr;Emmanuel_Eug%C3%A8ne;0;32;|Lydie bruno (discuter || contributions)|;24;28 décembre 2020 à 14:25;12 janvier 2021 à 03:30
https://ht.wikipedia.org/wiki/Serge_Legagneur;ht;Serge_Legagneur;0;0;|Masterches (Diskite || kontribisyon yo)|;9;9 fevriye 2008 à 23:20;7 fevriye 2017 à 23:44
https://fr.wikipedia.org/wiki/Alix_Renaud;fr;Alix_Renaud;0;36;|Nepas ledire (discuter || contributions)|;113;18 décembre 2006 à 05:16;13 octobre 2020 à 14:50
https://ht.wikipedia.org/wiki/Jean-Robert_L%C3%A9onidas;ht;Jean-Robert_L%C3%A9onidas;0;2;|Masterches (Diskite || kontribisyon yo)|;21;8 fevriye 2008 à 02:51;30 septanm 2019 à 15:52
https://en.wikipedia.org/wiki/Jean-Claude_Garoute;en;Jean-Claude_Garoute;0;80;|Jwillbur (talk || contribs)|;80;04:30, 14 November 2006;13:21, 1 December 2020
https://en.wikipedia.org/wiki/Roger_Gaillard_(historian);en;Roger_Gaillard_(historian);0;45;|Jwillbur (talk || contribs)|;34;04:51, 8 November 2006;07:08, 31 July 2019
https://fr.wikipedia.org/wiki/Frank%C3%A9tienne;fr;Frank%C3%A9tienne;0;1 591;|Papalagui (discuter || contributions)|;160;10 janvier 2007 à 21:35;17 décembre 2020 à 11:55
https://ht.wikipedia.org/wiki/Leslie_Manigat;ht;Leslie_Manigat;0;15;|Masterches (Diskite || kontribisyon yo)|;24;16 fevriye 2008 à 03:43;29 jen 2019 à 09:52
https://ht.wikipedia.org/wiki/Angelucci_Manigat,_Jr.;ht;Angelucci_Manigat,_Jr.;0;1;|Masterches (Diskite || kontribisyon yo)|;11;7 fevriye 2008 à 13:57;18 oktòb 2014 à 17:34
https://en.wikipedia.org/wiki/Kettly_Mars;en;Kettly_Mars;0;89;|MandinN (talk || contribs)|;49;11:14, 2 February 2013;05:02, 11 January 2021
https://fr.wikipedia.org/wiki/Jean-Claude_Bajeux;fr;Jean-Claude_Bajeux;0;16;|Parigot (discuter || contributions)|;20;4 janvier 2015 à 08:53;26 novembre 2020 à 00:41
https://ht.wikipedia.org/wiki/Kettly_Mars;ht;Kettly_Mars;0;0;|Masterches (Diskite || kontribisyon yo)|;24;8 fevriye 2008 à 10:02;8 novanm 2020 à 19:39
https://ht.wikipedia.org/wiki/Stephane_Martelly;ht;Stephane_Martelly;0;2;|Masterches (Diskite || kontribisyon yo)|;11;9 fevriye 2008 à 23:22;7 fevriye 2017 à 23:44
https://en.wikipedia.org/wiki/James_No%C3%ABl_(poet);en;James_No%C3%ABl_(poet);0;37;|MassiveEartha (talk || contribs)|;13;15:04, 2 July 2017;19:38, 25 October 2020
https://fr.wikipedia.org/wiki/Jacqueline_Beaug%C3%A9-Rosier;fr;Jacqueline_Beaug%C3%A9-Rosier;0;11;|Parigot (discuter || contributions)|;27;11 février 2010 à 21:49;21 novembre 2020 à 21:15
https://ht.wikipedia.org/wiki/Marie-S%C5%93urette_Mathieu;ht;Marie-S%C5%93urette_Mathieu;0;1;|Masterches (Diskite || kontribisyon yo)|;22;8 fevriye 2008 à 16:28;5 jiyè 2020 à 09:20
https://fr.wikipedia.org/wiki/Roger_Gaillard_(historien_ha%C3%AFtien);fr;Roger_Gaillard_(historien_ha%C3%AFtien);0;117;|Parigot (discuter || contributions)|;23;14 février 2010 à 15:56;22 juin 2018 à 10:58
https://ht.wikipedia.org/wiki/Elvire_Maurouard;ht;Elvire_Maurouard;0;1;|Masterches (Diskite || kontribisyon yo)|;8;16 fevriye 2008 à 03:30;20 oktòb 2014 à 02:19
https://en.wikipedia.org/wiki/Michel_Monnin;en;Michel_Monnin;0;25;|MBueckert (talk || contribs)|;15;20:26, 2 August 2007;06:29, 28 February 2019
https://fr.wikipedia.org/wiki/Dany_Laferri%C3%A8re;fr;Dany_Laferri%C3%A8re;12;8 236;|Patrice Létourneau (discuter || contributions)|;562;17 décembre 2004 à 06:41;2 février 2021 à 10:10
https://ht.wikipedia.org/wiki/Jean_Metellus;ht;Jean_Metellus;0;13;|Masterches (Diskite || kontribisyon yo)|;33;8 fevriye 2008 à 00:38;23 oktòb 2018 à 01:28
https://en.wikipedia.org/wiki/Myriam_J._A._Chancy;en;Myriam_J._A._Chancy;0;53;|Ngerlus (talk || contribs)|;79;05:15, 14 November 2014;18:47, 9 December 2020
https://fr.wikipedia.org/wiki/Marie-C%C3%A9lie_Agnant;fr;Marie-C%C3%A9lie_Agnant;0;136;|QuebecPureLaine (discuter || contributions)|;57;2 février 2007 à 16:01;25 août 2020 à 19:38
https://ht.wikipedia.org/wiki/Emeline_Michel;ht;Emeline_Michel;0;27;|Masterches (Diskite || kontribisyon yo)|;25;17 fevriye 2008 à 04:33;30 oktòb 2020 à 15:58
https://fr.wikipedia.org/wiki/Leslie_Manigat;fr;Leslie_Manigat;0;694;|Remihh (discuter || contributions)|;125;24 août 2006 à 18:23;4 décembre 2020 à 10:01
https://ht.wikipedia.org/wiki/Jean-Euph%C3%A8le_Milc%C3%A9;ht;Jean-Euph%C3%A8le_Milc%C3%A9;0;1;|Masterches (Diskite || kontribisyon yo)|;21;8 fevriye 2008 à 02:48;6 janvye 2019 à 23:09
https://en.wikipedia.org/wiki/Edwidge_Danticat;en;Edwidge_Danticat;6;3,89;|Nufan~enwiki (talk || contribs)|;523;22:44, 14 November 2004;16:30, 8 January 2021
https://ht.wikipedia.org/wiki/Lenelle_Mo%C3%AFse;ht;Lenelle_Mo%C3%AFse;0;0;|Gilles2014 (Diskite || kontribisyon yo)|;5;23 jiyè 2018 à 12:32;1 oktòb 2018 à 17:11
https://en.wikipedia.org/wiki/Jean_Metellus;en;Jean_Metellus;0;43;|Pkeets (talk || contribs)|;59;02:44, 9 December 2011;16:11, 12 November 2020
https://en.wikipedia.org/wiki/Yanick_Lahens;en;Yanick_Lahens;0;101;|Rosiestep (talk || contribs)|;32;18:23, 7 February 2016;23:56, 20 January 2021
https://fr.wikipedia.org/wiki/Gary_Victor;fr;Gary_Victor;0;502;|Remihh (discuter || contributions)|;122;22 avril 2008 à 23:32;26 novembre 2020 à 14:59
https://ht.wikipedia.org/wiki/James_No%C3%ABl;ht;James_No%C3%ABl;0;1;|Masterches (Diskite || kontribisyon yo)|;31;8 fevriye 2008 à 00:36;10 septanm 2019 à 19:42
https://en.wikipedia.org/wiki/Paulette_Poujol-Oriol;en;Paulette_Poujol-Oriol;0;56;|Rosiestep (talk || contribs)|;79;23:01, 6 February 2016;05:03, 11 January 2021
https://fr.wikipedia.org/wiki/Georges_Cocks;fr;Georges_Cocks;0;80;|Shone (discuter || contributions)|;91;23 juin 2010 à 05:15;3 décembre 2020 à 22:22
https://fr.wikipedia.org/wiki/Jean_D%27Am%C3%A9rique;fr;Jean_D%27Am%C3%A9rique;0;89;|SudLittéraire (discuter || contributions)|;27;29 décembre 2017 à 23:50;24 décembre 2020 à 21:48
https://ht.wikipedia.org/wiki/Makenzy_Orcel;ht;Makenzy_Orcel;0;12;|Adalbersalashernandez (Diskite || kontribisyon yo)|;11;24 desanm 2017 à 18:28;16 janvye 2021 à 14:59
https://ht.wikipedia.org/wiki/Margaret_Papillon;ht;Margaret_Papillon;0;4;|Masterches (Diskite || kontribisyon yo)|;6;8 fevriye 2008 à 16:26;26 oktòb 2014 à 08:16
https://fr.wikipedia.org/wiki/Nassur_Attoumani;fr;Nassur_Attoumani;0;180;|Thierry Caro (discuter || contributions)|;55;1 novembre 2010 à 23:41;24 décembre 2020 à 22:59
https://ht.wikipedia.org/wiki/Il%C3%A9us_Papillon;ht;Il%C3%A9us_Papillon;0;4;|Gilles2014 (Diskite || kontribisyon yo)|;7;8 mas 2019 à 20:45;10 novanm 2020 à 01:02
https://ht.wikipedia.org/wiki/Roland_Paret;ht;Roland_Paret;0;0;|Masterches (Diskite || kontribisyon yo)|;11;9 fevriye 2008 à 23:05;22 septanm 2019 à 16:32
https://ht.wikipedia.org/wiki/Fabienne_Pasquet;ht;Fabienne_Pasquet;0;0;|Masterches (Diskite || kontribisyon yo)|;9;7 fevriye 2008 à 15:35;30 oktòb 2014 à 14:47
https://ht.wikipedia.org/wiki/Jean-Marc_Pasquet;ht;Jean-Marc_Pasquet;0;3;|Masterches (Diskite || kontribisyon yo)|;7;8 fevriye 2008 à 02:49;21 oktòb 2014 à 14:16
https://ht.wikipedia.org/wiki/Cauvin_Paul;ht;Cauvin_Paul;0;1;|Masterches (Diskite || kontribisyon yo)|;10;7 fevriye 2008 à 14:05;18 oktòb 2014 à 17:45
https://fr.wikipedia.org/wiki/Lawrence_Hill_(basket-ball);fr;Lawrence_Hill_(basket-ball);0;2;|Wikimniscient (discuter || contributions)|;3;19 mars 2018 à 21:11;14 mars 2020 à 11:09
https://ht.wikipedia.org/wiki/Stanley_P%C3%A9an;ht;Stanley_P%C3%A9an;0;2;|Masterches (Diskite || kontribisyon yo)|;12;9 fevriye 2008 à 23:22;28 jen 2019 à 14:26
https://fr.wikipedia.org/wiki/Jean_Emmanuel_Jacquet;fr;Jean_Emmanuel_Jacquet;0;28;|Zebaklou (discuter || contributions)|;138;23 mai 2010 à 22:01;3 juillet 2020 à 23:21
https://ht.wikipedia.org/wiki/Anthony_Phelps;ht;Anthony_Phelps;0;22;|Masterches (Diskite || kontribisyon yo)|;25;1 fevriye 2008 à 02:43;28 jen 2020 à 16:43
https://fr.wikipedia.org/wiki/Emmelie_Proph%C3%A8te;fr;Emmelie_Proph%C3%A8te;0;125;109.13.227.223 (discuter);37;7 août 2012 à 07:15;26 octobre 2020 à 00:17
https://ht.wikipedia.org/wiki/Claude_Pierre;ht;Claude_Pierre;0;1;|Masterches (Diskite || kontribisyon yo)|;20;7 fevriye 2008 à 15:16;22 septanm 2018 à 22:06
https://en.wikipedia.org/wiki/Frank%C3%A9tienne;en;Frank%C3%A9tienne;0;609;|Rufustfirefly (talk || contribs)|;133;14:58, 23 July 2004;22:29, 1 August 2020
https://ht.wikipedia.org/wiki/Paulette_Poujol_Oriol;ht;Paulette_Poujol_Oriol;0;6;|Masterches (Diskite || kontribisyon yo)|;16;8 fevriye 2008 à 16:40;2 fevriye 2021 à 22:13
https://en.wikipedia.org/wiki/Raymond_Chassagne;en;Raymond_Chassagne;0;13;|Savvyjack23 (talk || contribs)|;11;05:26, 3 October 2015;15:30, 5 July 2020
https://fr.wikipedia.org/wiki/Rodney_Saint-%C3%89loi;fr;Rodney_Saint-%C3%89loi;0;222;174.89.250.151 (discuter);34;20 janvier 2013 à 19:31;13 avril 2020 à 13:53
https://ht.wikipedia.org/wiki/Emmelie_Proph%C3%A8te;ht;Emmelie_Proph%C3%A8te;0;4;|Masterches (Diskite || kontribisyon yo)|;21;7 fevriye 2008 à 15:33;11 oktòb 2018 à 19:41
https://fr.wikipedia.org/wiki/%C3%89mile_Ollivier_(homme_politique);fr;%C3%89mile_Ollivier_(homme_politique);7;2 768;194.158.104.35 (discuter);272;16 mars 2004 à 20:05;20 janvier 2021 à 18:13
https://ht.wikipedia.org/wiki/Guy_Junior_R%C3%A9gis;ht;Guy_Junior_R%C3%A9gis;0;3;|Masterches (Diskite || kontribisyon yo)|;13;16 fevriye 2008 à 03:40;28 janvye 2020 à 12:27
https://fr.wikipedia.org/wiki/Fred_Edson_Lafortune;fr;Fred_Edson_Lafortune;0;17;200.4.161.14 (discuter);140;23 janvier 2009 à 23:22;20 mars 2019 à 14:38
https://ht.wikipedia.org/wiki/Alix_Renaud;ht;Alix_Renaud;0;1;|Masterches (Diskite || kontribisyon yo)|;16;7 fevriye 2008 à 13:56;16 out 2018 à 11:01
https://en.wikipedia.org/wiki/Gary_Victor;en;Gary_Victor;0;100;|Savvyjack23 (talk || contribs)|;41;07:08, 12 October 2015;13:52, 26 November 2020
https://ht.wikipedia.org/wiki/Marl%C3%A8ne_Rigaud_Apollon;ht;Marl%C3%A8ne_Rigaud_Apollon;0;0;|Masterches (Diskite || kontribisyon yo)|;8;16 fevriye 2008 à 03:45;8 septanm 2018 à 20:46
https://en.wikipedia.org/wiki/Abdou_Baco;en;Abdou_Baco;0;32;|Ser Amantio di Nicolao (talk || contribs)|;35;21:02, 25 November 2008;21:09, 25 July 2020
https://fr.wikipedia.org/wiki/Marie-S%C5%93urette_Mathieu;fr;Marie-S%C5%93urette_Mathieu;0;33;64.229.142.85 (discuter);85;5 février 2006 à 03:14;30 octobre 2020 à 12:15
https://ht.wikipedia.org/wiki/Jacques_Roche;ht;Jacques_Roche;0;3;|Masterches (Diskite || kontribisyon yo)|;6;16 fevriye 2008 à 03:41;21 mas 2015 à 06:52
https://en.wikipedia.org/wiki/Emeline_Michel;en;Emeline_Michel;0;351;|T. Anthony (talk || contribs)|;37;07:15, 24 January 2010;10:09, 30 January 2020
https://fr.wikipedia.org/wiki/Stanley_P%C3%A9an;fr;Stanley_P%C3%A9an;0;331;69.70.242.120 (discuter);128;25 juin 2006 à 17:25;9 janvier 2021 à 19:21
https://ht.wikipedia.org/wiki/Roger_Gaillard;ht;Roger_Gaillard;0;1;|Masterches (Diskite || kontribisyon yo)|;13;9 fevriye 2008 à 22:48;8 septanm 2019 à 17:15
https://en.wikipedia.org/wiki/Jacques_Roche;en;Jacques_Roche;0;86;|The Peacemaker (talk || contribs)|;63;09:14, 15 July 2005;22:16, 16 January 2021
https://fr.wikipedia.org/wiki/Yanick_Jean;fr;Yanick_Jean;0;62;70.51.46.246 (discuter);33;26 septembre 2012 à 00:37;5 juin 2020 à 10:28
https://ht.wikipedia.org/wiki/Rodney_Saint-%C3%89loi;ht;Rodney_Saint-%C3%89loi;0;1;|Masterches (Diskite || kontribisyon yo)|;14;9 fevriye 2008 à 22:46;12 jiyè 2018 à 22:34
https://fr.wikipedia.org/wiki/James_No%C3%ABl;fr;James_No%C3%ABl;0;162;77.246.87.53 (discuter);111;20 septembre 2010 à 10:54;26 octobre 2020 à 00:50
https://ht.wikipedia.org/wiki/Jacqueline_Scott-Lemoine;ht;Jacqueline_Scott-Lemoine;0;0;|Gilles2014 (Diskite || kontribisyon yo)|;1;28 jiyè 2018 à 19:50;28 jiyè 2018 à 19:50
https://en.wikipedia.org/wiki/La%C3%ABnnec_Hurbon;en;La%C3%ABnnec_Hurbon;0;110;|Uriel1022 (talk || contribs)|;35;00:32, 14 February 2018;10:14, 24 December 2020
https://ht.wikipedia.org/wiki/Elsie_Surena;ht;Elsie_Surena;0;1;|Masterches (Diskite || kontribisyon yo)|;9;16 fevriye 2008 à 03:30;21 oktòb 2014 à 14:13
https://fr.wikipedia.org/wiki/Guy_Junior_R%C3%A9gis;fr;Guy_Junior_R%C3%A9gis;0;80;83.204.152.57 (discuter);264;16 juin 2008 à 05:19;20 décembre 2020 à 00:34
https://en.wikipedia.org/wiki/Kern_Delince;en;Kern_Delince;0;11;|Wilsonkay (talk || contribs)|;24;09:20, 9 March 2017;02:57, 20 November 2019
https://ht.wikipedia.org/wiki/Marie-Alice_Th%C3%A9ard;ht;Marie-Alice_Th%C3%A9ard;0;1;|Masterches (Diskite || kontribisyon yo)|;7;16 fevriye 2008 à 03:45;28 oktòb 2014 à 08:42
https://en.wikipedia.org/wiki/Jean-Claude_Fignol%C3%A9;en;Jean-Claude_Fignol%C3%A9;0;19;|Zigzig20s (talk || contribs)|;5;02:40, 14 July 2017;20:15, 16 July 2017
https://fr.wikipedia.org/wiki/Ren%C3%A9_Depestre;fr;Ren%C3%A9_Depestre;0;1 487;86.199.33.24 (discuter);238;30 décembre 2005 à 16:39;22 novembre 2020 à 16:45
https://ht.wikipedia.org/wiki/%C3%89velyne_Trouillot;ht;%C3%89velyne_Trouillot;0;5;|Masterches (Diskite || kontribisyon yo)|;14;7 fevriye 2008 à 15:34;10 desanm 2020 à 17:38
https://en.wikipedia.org/wiki/%C3%89mile_Ollivier;en;%C3%89mile_Ollivier;0;702;80.192.229.92 (talk);130;21:00, 18 February 2003;05:38, 2 November 2020
https://fr.wikipedia.org/wiki/Louis-Philippe_Dalembert;fr;Louis-Philippe_Dalembert;0;533;86.70.100.18 (discuter);240;28 septembre 2007 à 12:13;23 novembre 2020 à 11:57
https://ht.wikipedia.org/wiki/Lyonel_Trouillot;ht;Lyonel_Trouillot;0;37;|Masterches (Diskite || kontribisyon yo)|;51;8 fevriye 2008 à 16:24;10 desanm 2020 à 17:39
https://en.wikipedia.org/wiki/%C3%89tienne_Maurice_G%C3%A9rard;en;%C3%89tienne_Maurice_G%C3%A9rard;0;866;82.43.131.224 (talk);134;20:14, 1 February 2004;15:22, 15 November 2020
https://fr.wikipedia.org/wiki/Soeuf_Elbadawi;fr;Soeuf_Elbadawi;0;67;86.70.159.243 (discuter);214;15 mars 2010 à 14:40;4 janvier 2021 à 23:06
https://ht.wikipedia.org/wiki/Gary_Victor;ht;Gary_Victor;0;20;|Masterches (Diskite || kontribisyon yo)|;19;8 fevriye 2008 à 00:01;3 novanm 2018 à 13:39
https://ht.wikipedia.org/wiki/Mich%C3%A8le_Voltaire-Marcelin;ht;Mich%C3%A8le_Voltaire-Marcelin;0;3;|Masterches (Diskite || kontribisyon yo)|;6;16 fevriye 2008 à 03:46;4 novanm 2014 à 12:09
