;?Nom;Wiki_ID;Nom;normalized;wikipage_fr;wikipage_en;wikipage_ht;wikipage_fr_len;wikipage_ht_len;wikipage_en_len;;;;;;;;;;
0;Stanley PÃ©an;Q3496855;Stanley Péan;Stanley_Péan;https://fr.wikipedia.org/wiki/Stanley_P%C3%A9an;;https://ht.wikipedia.org/wiki/Stanley_P%C3%A9an;14474,00;3516,00;;;;;wiki fr;wiki en;wiki ht;;;;
1;Ignace Nau;Q3148181;Ignace Nau;Ignace_Nau;https://fr.wikipedia.org/wiki/Ignace_Nau;https://en.wikipedia.org/wiki/Ignace_Nau;https://ht.wikipedia.org/wiki/Ignace_Nau;5622,00;2015,00;1861,00;;;;97,00;83,00;147;;;;
2;;;;;;;;;;;;;langue;taille moyenne;;;;wikipage_fr_len;wikipage_ht_len;wikipage_en_len
3;Jean Metellus;Q3173661;Jean Metellus;Jean_Metellus;https://fr.wikipedia.org/wiki/Jean_M%C3%A9tellus;https://en.wikipedia.org/wiki/Jean_Metellus;https://ht.wikipedia.org/wiki/Jean_Metellus;8748,00;4450,00;2833,00;;;wiki ht;2614,78;;;;97;147;83
4;Lenelle MoÃ¯se;Q6522408;Lenelle Moïse;Lenelle_Moïse;;https://en.wikipedia.org/wiki/Lenelle_Mo%C3%AFse;https://ht.wikipedia.org/wiki/Lenelle_Mo%C3%AFse;;1500,00;4600,00;;;wiki en;4944,43;;;;;;
5;Edmond Laforest;Q3047892;Edmond Laforest;Edmond_Laforest;https://fr.wikipedia.org/wiki/Edmond_Laforest;https://en.wikipedia.org/wiki/Edmond_Laforest;https://ht.wikipedia.org/wiki/Edmond_Laforest;4584,00;2451,00;1468,00;;;wiki fr;8203,97;;;;;;
6;Raymond Chassagne;Q12896026;Raymond Chassagne;Raymond_Chassagne;https://fr.wikipedia.org/wiki/Raymond_Chassagne;https://en.wikipedia.org/wiki/Raymond_Chassagne;https://ht.wikipedia.org/wiki/Raymond_Chassagne;4348,00;1170,00;1628,00;;;;;;;;;;
7;Gary Klang;Q3098578;Gary Klang;Gary_Klang;https://fr.wikipedia.org/wiki/Gary_Klang;https://en.wikipedia.org/wiki/Gary_Klang;https://ht.wikipedia.org/wiki/Gary_Klang;10270,00;6712,00;7800,00;;;;;;;;;;
8;Antoine Innocent;Q16945793;Antoine Innocent;Antoine_Innocent;;;https://ht.wikipedia.org/wiki/Antoine_Innocent;;1964,00;;;;;;;;;;;
9;Yanick Jean;Q3571564;Yanick Jean;Yanick_Jean;https://fr.wikipedia.org/wiki/Yanick_Jean;;;5964,00;;;;;;;;;;;;
10;DantÃ¨s Bellegarde;Q3015752;Dantès Bellegarde;Dantès_Bellegarde;https://fr.wikipedia.org/wiki/Dant%C3%A8s_Louis_Bellegarde;https://en.wikipedia.org/wiki/Dant%C3%A8s_Bellegarde;https://ht.wikipedia.org/wiki/Dant%C3%A8s_Bellegarde;8765,00;2178,00;2835,00;;;;;;;;;;
11;Georges Anglade;Q1508785;Georges Anglade;Georges_Anglade;https://fr.wikipedia.org/wiki/Georges_Anglade;https://en.wikipedia.org/wiki/Georges_Anglade;https://ht.wikipedia.org/wiki/Georges_Anglade;8303,00;3542,00;5508,00;;;;;;;;;;
12;Jean-Max Calvin;Q16946629;Jean-Max Calvin;Jean-Max_Calvin;;;https://ht.wikipedia.org/wiki/Jean-Max_Calvin;;793,00;;;;;;;;;;;
13;Hervé Fanini-Lemoin;;Hervé Fanini-Lemoin;Hervé_Fanini-Lemoin;;;;;;;;;;;;;;;;
14;Ã‰mile Ollivier;Q286293;Ã‰mile Ollivier;Ã‰Mile_Ollivier;https://fr.wikipedia.org/wiki/%C3%89mile_Ollivier_(homme_politique);https://en.wikipedia.org/wiki/%C3%89mile_Ollivier;;22467,00;;18163,00;;;;;;;;;;
15;Luckner Desvignes;;Luckner Desvignes;Luckner_Desvignes;;;;;;;;;;;;;;;;
16;FrÃ©dÃ©ric Marcelin;Q3090021;Frédéric Marcelin;Frédéric_Marcelin;https://fr.wikipedia.org/wiki/Fr%C3%A9d%C3%A9ric_Marcelin;https://en.wikipedia.org/wiki/Fr%C3%A9d%C3%A9ric_Marcelin;https://ht.wikipedia.org/wiki/Fr%C3%A9d%C3%A9ric_Marcelin;6389,00;1867,00;2365,00;;;;;;;;;;
17;Yanick Lahens;Q2599418;Yanick Lahens;Yanick_Lahens;https://fr.wikipedia.org/wiki/Yanick_Lahens;https://en.wikipedia.org/wiki/Yanick_Lahens;https://ht.wikipedia.org/wiki/Yanick_Lahens;11442,00;3834,00;5378,00;;;;;;;;;;
18;Roland Morisseau;Q12896340;Roland Morisseau;Roland_Morisseau;;;https://ht.wikipedia.org/wiki/Roland_Morisseau;;737,00;;;;;;;;;;;
19;Gesner Jean Gilles;;Gesner Jean Gilles;Gesner_Jean_Gilles;;;;;;;;;;;;;;;;
20;Wébert Charles;;Wébert Charles;Wébert_Charles;;;;;;;;;;;;;;;;
21;Marc Léo Laroche;;Marc Léo Laroche;Marc_Léo_Laroche;;;;;;;;;;;;;;;;
22;Rodolphe Mathurin;Q83521548;Rodolphe Mathurin;Rodolphe_Mathurin;https://fr.wikipedia.org/wiki/Rodolphe_Mathurin;;;3884,00;;;;;;;;;;;;
23;Dany LaferriÃ¨r,;Q1165217;Dany Laferrièr,;Dany Laferrièr_;https://fr.wikipedia.org/wiki/Dany_Laferri%C3%A8re;https://en.wikipedia.org/wiki/Dany_Laferri%C3%A8re;https://ht.wikipedia.org/wiki/Dany_Laferri%C3%A8re;42313,00;5774,00;9653,00;;;;;;;;;;
24;;;;;;;;;;;;;;;;;;;;
25;GÃ©rard Chenet;Q11973505;Gérard Chenet;Gérard_Chenet;;;;;;;;;;;;;;;;
26;Christophe Charles;Q5111758;Christophe Charles;Christophe_Charles;https://fr.wikipedia.org/wiki/Christophe_Philippe_Charles;https://en.wikipedia.org/wiki/Christophe_Charles;https://ht.wikipedia.org/wiki/Christophe_Charles;4837,00;3550,00;1591,00;;;;;;;;;;
27;Charles Fabian Figueiredo Santos;Q2351691;Charles Fabian Figueiredo Santos;Charles_Fabian_Figueiredo_Santos;https://fr.wikipedia.org/wiki/Charles_(football,_1968);https://en.wikipedia.org/wiki/Charles_Fabian;;4081,00;;9279,00;;;;;;;;;;
28;Jean-Claude Garoute;Q782156;Jean-Claude Garoute;Jean-Claude_Garoute;https://fr.wikipedia.org/wiki/Jean-Claude_Garoute;https://en.wikipedia.org/wiki/Jean-Claude_Garoute;https://ht.wikipedia.org/wiki/Jean-Claude_Garoute_(Tiga);16933,00;1282,00;4029,00;;;;;;;;;;
29;DÃ©ita;Q12889446;Déita;Déita;;;https://ht.wikipedia.org/wiki/D%C3%A9ita;;3185,00;;;;;;;;;;;
30;Rodney Saint-Ã‰loi;Q3438235;Rodney Saint-Ã‰loi;Rodney_Saint-Ã‰Loi;https://fr.wikipedia.org/wiki/Rodney_Saint-%C3%89loi;https://en.wikipedia.org/wiki/Rodney_Saint-%C3%89loi;https://ht.wikipedia.org/wiki/Rodney_Saint-%C3%89loi;6059,00;1185,00;2505,00;;;;;;;;;;
31;CoutechÃ¨ve Lavoie Aupont;Q55217112;Coutechève Lavoie Aupont;Coutechève_Lavoie_Aupont;https://fr.wikipedia.org/wiki/Coutech%C3%A8ve_Lavoie_Aupont;;https://ht.wikipedia.org/wiki/Coutech%C3%A8ve_Lavoie_Aupont;3693,00;1967,00;;;;;;;;;;;
32;Makenzy Orcel;Q3280752;Makenzy Orcel;Makenzy_Orcel;https://fr.wikipedia.org/wiki/Makenzy_Orcel;;https://ht.wikipedia.org/wiki/Makenzy_Orcel;5100,00;3243,00;;;;;;;;;;;
33;Frantz Carly;;Frantz Carly;Frantz_Carly;;;;;;;;;;;;;;;;
34;Peter Frisch;;Peter Frisch;Peter_Frisch;;;;;;;;;;;;;;;;
35;Emmanuel EugÃ¨ne;Q16946145;Emmanuel Eugène;Emmanuel_Eugène;https://fr.wikipedia.org/wiki/Emmanuel_Eug%C3%A8ne;;https://ht.wikipedia.org/wiki/Emmanuel_Eug%C3%A8ne;2914,00;1111,00;;;;;;;;;;;
36;;;;;;;;;;;;;;;;;;;;
37;Marc Laroche;Q18341665;Marc Laroche;Marc_Laroche;;;https://ht.wikipedia.org/wiki/Marc_Laroche;;1907,00;;;;;;;;;;;
38;Jan Dominique;Q16946539;Jan Dominique;Jan_Dominique;https://fr.wikipedia.org/wiki/Jan_J._Dominique;;https://ht.wikipedia.org/wiki/Jan_J._Dominique;7197,00;791,00;;;;;;;;;;;
39;Nirvah Desinor;;Nirvah Desinor;Nirvah_Desinor;;;;;;;;;;;;;;;;
40;Fortestson Fenelon;;Fortestson Fenelon;Fortestson_Fenelon;;;;;;;;;;;;;;;;
41;Dominique Batraville;Q16029082;Dominique Batraville;Dominique_Batraville;https://fr.wikipedia.org/wiki/Dominique_Batraville;;https://ht.wikipedia.org/wiki/Dominique_Batraville;3912,00;2811,00;;;;;;;;;;;
42;Winnie Hugot Gabriel Duvil;;Winnie Hugot Gabriel Duvil;Winnie_Hugot_Gabriel_Duvil;;;;;;;;;;;;;;;;
43;Stephane Martelly;Q18636498;Stephane Martelly;Stephane_Martelly;;;https://ht.wikipedia.org/wiki/Stephane_Martelly;;3060,00;;;;;;;;;;;
44;GeneviÃ¨ve Gaillard-VantÃ©;Q12890976;Geneviève Gaillard-Vanté;Geneviève_Gaillard-Vanté;;;https://ht.wikipedia.org/wiki/Genevi%C3%A8ve_Gaillard-Vant%C3%A9;;890,00;;;;;;;;;;;
45;FÃ©lix Morisseau-Leroy;Q1363088;Félix Morisseau-Leroy;Félix_Morisseau-Leroy;https://fr.wikipedia.org/wiki/F%C3%A9lix_Morisseau-Leroy;https://en.wikipedia.org/wiki/F%C3%A9lix_Morisseau-Leroy;https://ht.wikipedia.org/wiki/Felix_Morisseau-Leroy;5539,00;1838,00;8296,00;;;;;;;;;;
46;;;;;;;;;;;;;;;;;;;;
47;RenÃ© BÃ©lance;Q18575751;René Bélance;René_Bélance;;;https://ht.wikipedia.org/wiki/Ren%C3%A9_B%C3%A9lance;;921,00;;;;;;;;;;;
48;Leon Laleau;Q3271119;Leon Laleau;Leon_Laleau;https://fr.wikipedia.org/wiki/L%C3%A9on_Laleau;https://en.wikipedia.org/wiki/Leon_Laleau;https://ht.wikipedia.org/wiki/L%C3%A9on_Laleau;4137,00;1442,00;3468,00;;;;;;;;;;
49;Syto CavÃ©;Q18642641;Syto Cavé;Syto_Cavé;;;https://ht.wikipedia.org/wiki/Syto_Cav%C3%A9;;2519,00;;;;;;;;;;;
50;FrankÃ©tienne;Q162778;Frankétienne;Frankétienne;https://fr.wikipedia.org/wiki/Frank%C3%A9tienne;https://en.wikipedia.org/wiki/Frank%C3%A9tienne;https://ht.wikipedia.org/wiki/Frank%C3%A9tienne;13958,00;3218,00;4446,00;;;;;;;;;;
51;;;;;;;;;;;;;;;;;;;;
52;Jean-Marc Pasquet;Q12891869;Jean-Marc Pasquet;Jean-Marc_Pasquet;;;https://ht.wikipedia.org/wiki/Jean-Marc_Pasquet;;737,00;;;;;;;;;;;
53;Jean-Marie Bourjolly;Q12891871;Jean-Marie Bourjolly;Jean-Marie_Bourjolly;;;https://ht.wikipedia.org/wiki/Jean-Marie_Bourjolly;;685,00;;;;;;;;;;;
54;Franz Benjamin;Q12890785;Franz Benjamin;Franz_Benjamin;;;https://ht.wikipedia.org/wiki/Franz_Benjamin;;1714,00;;;;;;;;;;;
55;Jean-Pierre Brax;Q16946633;Jean-Pierre Brax;Jean-Pierre_Brax;;;https://ht.wikipedia.org/wiki/Jean-Pierre_Brax;;9665,00;;;;;;;;;;;
56;Demesvar Delorme;Q3171668;Demesvar Delorme;Demesvar_Delorme;https://fr.wikipedia.org/wiki/Jean_Demesvar_Delorme;https://en.wikipedia.org/wiki/Demesvar_Delorme;https://ht.wikipedia.org/wiki/Demesvar_Delorme;4377,00;954,00;3583,00;;;;;;;;;;
57;Jean-Durosier DesriviÃ¨res;Q55217155;Jean-Durosier Desrivières;Jean-Durosier_Desrivières;;;;;;;;;;;;;;;;
58;Odette Roy Fombrun;Q18528616;Odette Roy Fombrun;Odette_Roy_Fombrun;;https://en.wikipedia.org/wiki/Odette_Roy_Fombrun;https://ht.wikipedia.org/wiki/Odette_Roy_Fombrun;;4983,00;3812,00;;;;;;;;;;
59;Elodie Barthélémy;;Elodie Barthélémy;Elodie_Barthélémy;;;;;;;;;;;;;;;;
60;Roland Paret;Q18607375;Roland Paret;Roland_Paret;;;https://ht.wikipedia.org/wiki/Roland_Paret;;1186,00;;;;;;;;;;;
61;Jean-EuphÃ¨le MilcÃ©;Q12891863;Jean-Euphèle Milcé;Jean-Euphèle_Milcé;https://fr.wikipedia.org/wiki/Jean-Euph%C3%A8le_Milc%C3%A9;;https://ht.wikipedia.org/wiki/Jean-Euph%C3%A8le_Milc%C3%A9;6150,00;2145,00;;;;;;;;;;;
62;RenÃ© PhiloctÃ¨te;Q3045950;René Philoctète;René_Philoctète;https://fr.wikipedia.org/wiki/Ren%C3%A9_Philoct%C3%A8te;https://en.wikipedia.org/wiki/Ren%C3%A9_Philoct%C3%A8te;https://ht.wikipedia.org/wiki/Ren%C3%A9_Philoct%C3%A8te;5570,00;3188,00;1651,00;;;;;;;;;;
63;Maude Heurtelou;Q20559271;Maude Heurtelou;Maude_Heurtelou;;;https://ht.wikipedia.org/wiki/Maude_Heurtelou;;8981,00;;;;;;;;;;;
64;AntÃ©nor Firmin;Q1584205;Anténor Firmin;Anténor_Firmin;https://fr.wikipedia.org/wiki/Joseph_Ant%C3%A9nor_Firmin;https://en.wikipedia.org/wiki/Ant%C3%A9nor_Firmin;https://ht.wikipedia.org/wiki/Ant%C3%A9nor_Firmin;8332,00;2456,00;12847,00;;;;;;;;;;
65;;;;;;;;;;;;;;;;;;;;
66;Marie-ThÃ©rÃ¨se Colimon-Hall;Q3132299;Marie-Thérèse Colimon-Hall;Marie-Thérèse_Colimon-Hall;https://fr.wikipedia.org/wiki/Marie-Th%C3%A9r%C3%A8se_Colimon_Hall;https://en.wikipedia.org/wiki/Marie-Th%C3%A9r%C3%A8se_Colimon-Hall;https://ht.wikipedia.org/wiki/Marie-Th%C3%A9r%C3%A8se_Colimon-Hall;6194,00;1787,00;2384,00;;;;;;;;;;
67;Mario Blaise;;Mario Blaise;Mario_Blaise;;;;;;;;;;;;;;;;
68;Edris Saint-Amand;Q3048259;Edris Saint-Amand;Edris_Saint-Amand;https://fr.wikipedia.org/wiki/Edris_Saint-Amand;https://en.wikipedia.org/wiki/Edris_Saint-Amand;https://ht.wikipedia.org/wiki/Edris_Saint-Amand;4911,00;831,00;1123,00;;;;;;;;;;
69;Ã‰mile Roumer;Q3045906;Ã‰mile Roumer;Ã‰Mile_Roumer;https://fr.wikipedia.org/wiki/%C3%89mile_Roumer;https://en.wikipedia.org/wiki/%C3%89mile_Roumer;https://ht.wikipedia.org/wiki/%C3%89mile_Roumer;5529,00;1841,00;1671,00;;;;;;;;;;
70;IlÃ©us Papillon;Q55217189;Iléus Papillon;Iléus_Papillon;https://fr.wikipedia.org/wiki/Il%C3%A9us_Papillon;;https://ht.wikipedia.org/wiki/Il%C3%A9us_Papillon;4022,00;3860,00;;;;;;;;;;;
71;Ã‰velyne Trouillot;Q12890535;Ã‰velyne Trouillot;Ã‰Velyne_Trouillot;https://fr.wikipedia.org/wiki/%C3%89velyne_Trouillot;https://en.wikipedia.org/wiki/%C3%89velyne_Trouillot;https://ht.wikipedia.org/wiki/%C3%89velyne_Trouillot;5739,00;2448,00;4853,00;;;;;;;;;;
72;Jean James Estepha;;Jean James Estepha;Jean_James_Estepha;;;;;;;;;;;;;;;;
73;Emmelie ProphÃ¨te;Q3053007;Emmelie Prophète;Emmelie_Prophète;https://fr.wikipedia.org/wiki/Emmelie_Proph%C3%A8te;https://en.wikipedia.org/wiki/Emmelie_Proph%C3%A8te;https://ht.wikipedia.org/wiki/Emmelie_Proph%C3%A8te;4337,00;2597,00;2360,00;;;;;;;;;;
74;Frantz-Antoine Leconte;Q16946241;Frantz-Antoine Leconte;Frantz-Antoine_Leconte;;;https://ht.wikipedia.org/wiki/Frantz_Leconte;;1061,00;;;;;;;;;;;
75;Jessica FiÃ¨vre;Q12891979;Jessica Fièvre;Jessica_Fièvre;;https://en.wikipedia.org/wiki/Jessica_Fi%C3%A8vre;https://ht.wikipedia.org/wiki/Jessica_Fi%C3%A8vre;;1071,00;3194,00;;;;;;;;;;
76;Marie-CÃ©lie Agnant;Q3291756;Marie-Célie Agnant;Marie-Célie_Agnant;https://fr.wikipedia.org/wiki/Marie-C%C3%A9lie_Agnant;https://en.wikipedia.org/wiki/Marie-C%C3%A9lie_Agnant;https://ht.wikipedia.org/wiki/Marie-C%C3%A9lie_Agnant;5886,00;2142,00;3800,00;;;;;;;;;;
77;Gary Victor;Q3098632;Gary Victor;Gary_Victor;https://fr.wikipedia.org/wiki/Gary_Victor;https://en.wikipedia.org/wiki/Gary_Victor;https://ht.wikipedia.org/wiki/Gary_Victor;8831,00;5718,00;3821,00;;;;;;;;;;
78;Haveson Florvil;Q96952677;Haveson Florvil;Haveson_Florvil;https://fr.wikipedia.org/wiki/Haveson_Florvil;;;10251,00;;;;;;;;;;;;
79;Marcien Constant;;Marcien Constant;Marcien_Constant;;;;;;;;;;;;;;;;
80;Serge H. Moïse;;Serge H. Moïse;Serge_H._Moïse;;;;;;;;;;;;;;;;
81;NÃ©hÃ©my Pierre-Dahomey;Q55217188;Néhémy Pierre-Dahomey;Néhémy_Pierre-Dahomey;;;;;;;;;;;;;;;;
82;Lyonel Trouillot;Q637689;Lyonel Trouillot;Lyonel_Trouillot;https://fr.wikipedia.org/wiki/Lyonel_Trouillot;https://en.wikipedia.org/wiki/Lyonel_Trouillot;https://ht.wikipedia.org/wiki/Lyonel_Trouillot;9968,00;7938,00;6134,00;;;;;;;;;;
83;;;;;;;;;;;;;;;;;;;;
84;Lenous Suprice;Q55217215;Lenous Suprice;Lenous_Suprice;;;;;;;;;;;;;;;;
85;Gerald Bloncourt;Q3123601;Gerald Bloncourt;Gerald_Bloncourt;https://fr.wikipedia.org/wiki/G%C3%A9rald_Bloncourt;https://en.wikipedia.org/wiki/G%C3%A9rald_Bloncourt;https://ht.wikipedia.org/wiki/G%C3%A9rald_Bloncourt;11209,00;1319,00;1932,00;;;;;;;;;;
86;Miriam Neptune;;Miriam Neptune;Miriam_Neptune;;;;;;;;;;;;;;;;
87;Angelucci Manigat, Jr.;Q12887389;Angelucci Manigat, Jr.;Angelucci Manigat_Jr.;;;https://ht.wikipedia.org/wiki/Angelucci_Manigat,_Jr.;;795,00;;;;;;;;;;;
88;Anaïse Chavenet;;Anaïse Chavenet;Anaïse_Chavenet;;;;;;;;;;;;;;;;
89;Guy RÃ©gis;Q2396474;Guy Régis;Guy_Régis;https://fr.wikipedia.org/wiki/Guy_Junior_R%C3%A9gis;;https://ht.wikipedia.org/wiki/Guy_Junior_R%C3%A9gis;15312,00;2706,00;;;;;;;;;;;
90;Roger Dorsinville;Q2990316;Roger Dorsinville;Roger_Dorsinville;https://fr.wikipedia.org/wiki/Roger_Dorsinville;https://en.wikipedia.org/wiki/Roger_Dorsinville;https://ht.wikipedia.org/wiki/Roger_Dorsinville;6541,00;989,00;2683,00;;;;;;;;;;
91;Emeline Michel;Q5370358;Emeline Michel;Emeline_Michel;https://fr.wikipedia.org/wiki/%C3%89meline_Michel;https://en.wikipedia.org/wiki/Emeline_Michel;https://ht.wikipedia.org/wiki/Emeline_Michel;13575,00;3647,00;2034,00;;;;;;;;;;
92;Gary Augustin;Q16946325;Gary Augustin;Gary_Augustin;;;https://ht.wikipedia.org/wiki/Gary_Augustin;;905,00;;;;;;;;;;;
93;GÃ©rard Ã‰tienne;Q289255;GÃ©rard Ã‰tienne;Gã©Rard_Ã‰Tienne;https://fr.wikipedia.org/wiki/%C3%89tienne_Maurice_G%C3%A9rard;https://en.wikipedia.org/wiki/%C3%89tienne_Maurice_G%C3%A9rard;;36780,00;;11562,00;;;;;;;;;;
94;Louis-Joseph Janvier;Q3123203;Louis-Joseph Janvier;Louis-Joseph_Janvier;https://fr.wikipedia.org/wiki/Louis-Joseph_Janvier;https://en.wikipedia.org/wiki/Louis-Joseph_Janvier;https://ht.wikipedia.org/wiki/Louis_Joseph_Janvier;5347,00;845,00;2952,00;;;;;;;;;;
95;ClÃ©ante Valcin;Q62577905;Cléante Valcin;Cléante_Valcin;;https://en.wikipedia.org/wiki/Cl%C3%A9ante_Valcin;https://ht.wikipedia.org/wiki/Cl%C3%A9ante_Valcin;;2161,00;1831,00;;;;;;;;;;
96;Bonel Auguste;Q16945858;Bonel Auguste;Bonel_Auguste;;;https://ht.wikipedia.org/wiki/Bonel_Auguste;;840,00;;;;;;;;;;;
97;;;;;;;;;;;;;;;;;;;;
98;Voegeli Juste-Constant;;Voegeli Juste-Constant;Voegeli_Juste-Constant;;;;;;;;;;;;;;;;
99;Jean Florival;Q16946574;Jean Florival;Jean_Florival;;;https://ht.wikipedia.org/wiki/Jean_Florival;;789,00;;;;;;;;;;;
100;Elsie SurÃ©na;Q12890326;Elsie Suréna;Elsie_Suréna;;https://en.wikipedia.org/wiki/Elsie_Sur%C3%A9na;https://ht.wikipedia.org/wiki/Elsie_Surena;;1367,00;3380,00;;;;;;;;;;
101;Jenner Desroches;Q12891968;Jenner Desroches;Jenner_Desroches;;;https://ht.wikipedia.org/wiki/Jenner_Desroches;;805,00;;;;;;;;;;;
102;Fred Edson Lafortune;Q3086821;Fred Edson Lafortune;Fred_Edson_Lafortune;https://fr.wikipedia.org/wiki/Fred_Edson_Lafortune;;https://ht.wikipedia.org/wiki/Fred_Edson_Lafortune;7082,00;3745,00;;;;;;;;;;;
103;Constant Jeanty;;Constant Jeanty;Constant_Jeanty;;;;;;;;;;;;;;;;
104;Jean AndrÃ© Constant;Q12891886;Jean André Constant;Jean_André_Constant;;;https://ht.wikipedia.org/wiki/Jean_Andr%C3%A9_Constant;;885,00;;;;;;;;;;;
105;Oswald Durand;Q3113256;Oswald Durand;Oswald_Durand;https://fr.wikipedia.org/wiki/Oswald_Durand;https://en.wikipedia.org/wiki/Oswald_Durand;https://ht.wikipedia.org/wiki/Oswald_Durand;7558,00;4634,00;10328,00;;;;;;;;;;
106;JoÃ«l Des Rosiers;Q3187394;Joël Des Rosiers;Joël_Des_Rosiers;https://fr.wikipedia.org/wiki/Jo%C3%ABl_Des_Rosiers;;https://ht.wikipedia.org/wiki/Jo%C3%ABl_Des_Rosiers;14932,00;2823,00;;;;;;;;;;;
107;Margaret Mitchell Armand;;Margaret Mitchell Armand;Margaret_Mitchell_Armand;;;;;;;;;;;;;;;;
108;Georges Castera;Q12890993;Georges Castera;Georges_Castera;https://fr.wikipedia.org/wiki/Georges_Castera;https://en.wikipedia.org/wiki/Georges_Castera;https://ht.wikipedia.org/wiki/Georges_Castera;16949,00;3310,00;2669,00;;;;;;;;;;
109;André Fouad;;André Fouad;André_Fouad;;;;;;;;;;;;;;;;
110;J.M. Lominy;;J.M. Lominy;J.M._Lominy;;;;;;;;;;;;;;;;
111;Kettly Mars;Q3195618;Kettly Mars;Kettly_Mars;https://fr.wikipedia.org/wiki/Kettly_Mars;https://en.wikipedia.org/wiki/Kettly_Mars;https://ht.wikipedia.org/wiki/Kettly_Mars;6812,00;4034,00;9651,00;;;;;;;;;;
112;Jean Price-Mars;Q3045911;Jean Price-Mars;Jean_Price-Mars;https://fr.wikipedia.org/wiki/Jean_Price_Mars;https://en.wikipedia.org/wiki/Jean_Price-Mars;https://ht.wikipedia.org/wiki/Jean_Price-Mars;9407,00;3000,00;7853,00;;;;;;;;;;
113;MarlÃ¨ne Rigaud Apollon;Q12894134;Marlène Rigaud Apollon;Marlène_Rigaud_Apollon;;https://en.wikipedia.org/wiki/Marl%C3%A8ne_Rigaud_Apollon;https://ht.wikipedia.org/wiki/Marl%C3%A8ne_Rigaud_Apollon;;1369,00;2713,00;;;;;;;;;;
114;;;;;;;;;;;;;;;;;;;;
115;;;;;;;;;;;;;;;;;;;;
116;Josaphat-Robert Large;Q531431;Josaphat-Robert Large;Josaphat-Robert_Large;https://fr.wikipedia.org/wiki/Josaphat-Robert_Large;https://en.wikipedia.org/wiki/Josaphat-Robert_Large;https://ht.wikipedia.org/wiki/Josaphat-Robert_Large;10083,00;7217,00;10673,00;;;;;;;;;;
117;;;;;;;;;;;;;;;;;;;;
118;Nadine Magloire;Q47571408;Nadine Magloire;Nadine_Magloire;;https://en.wikipedia.org/wiki/Nadine_Magloire;;;;2232,00;;;;;;;;;;
119;Fabienne Pasquet;Q12890543;Fabienne Pasquet;Fabienne_Pasquet;;;https://ht.wikipedia.org/wiki/Fabienne_Pasquet;;952,00;;;;;;;;;;;
120;Edgard Gousse;Q55725389;Edgard Gousse;Edgard_Gousse;;;;;;;;;;;;;;;;
121;Saint-John Kauss;Q55217152;Saint-John Kauss;Saint-John_Kauss;;;;;;;;;;;;;;;;
122;Myriam J. M. Chancy;Q18631149;Myriam J. M. Chancy;Myriam_J._M._Chancy;;https://en.wikipedia.org/wiki/Myriam_J._A._Chancy;;;;5868,00;;;;;;;;;;
123;Paul Laraque;Q3371635;Paul Laraque;Paul_Laraque;https://fr.wikipedia.org/wiki/Paul_Laraque;;https://ht.wikipedia.org/wiki/Paul_Laraque;2267,00;808,00;;;;;;;;;;;
124;Roussan Camille;Q953097;Roussan Camille;Roussan_Camille;https://fr.wikipedia.org/wiki/Roussan_Camille;https://en.wikipedia.org/wiki/Roussan_Camille;https://ht.wikipedia.org/wiki/Roussan_Camille;4170,00;783,00;3459,00;;;;;;;;;;
125;Fernand Hibbert;Q2368727;Fernand Hibbert;Fernand_Hibbert;https://fr.wikipedia.org/wiki/Fernand_Hibbert;https://en.wikipedia.org/wiki/Fernand_Hibbert;https://ht.wikipedia.org/wiki/Fernand_Hibbert;5484,00;850,00;2035,00;;;;;;;;;;
126;;;;;;;;;;;;;;;;;;;;
127;Justin LhÃ©risson;Q3190467;Justin Lhérisson;Justin_Lhérisson;https://fr.wikipedia.org/wiki/Justin_Lh%C3%A9risson;https://en.wikipedia.org/wiki/Justin_Lh%C3%A9risson;https://ht.wikipedia.org/wiki/Justin_Lh%C3%A9risson;5188,00;2909,00;2318,00;;;;;;;;;;
128;Nassur Attoumani;Q3336266;Nassur Attoumani;Nassur_Attoumani;https://fr.wikipedia.org/wiki/Nassur_Attoumani;;https://ht.wikipedia.org/wiki/Nassur_Attoumani;8732,00;2963,00;;;;;;;;;;;
129;Jean-Robert LÃ©onidas;Q3169950;Jean-Robert Léonidas;Jean-Robert_Léonidas;https://fr.wikipedia.org/wiki/Jean-Robert_L%C3%A9onidas;;https://ht.wikipedia.org/wiki/Jean-Robert_L%C3%A9onidas;7062,00;6381,00;;;;;;;;;;;
130;Michel Monnin;Q6836494;Michel Monnin;Michel_Monnin;;https://en.wikipedia.org/wiki/Michel_Monnin;;;;1205,00;;;;;;;;;;
131;Wiener Kerns Fleurimond;Q12898302;Wiener Kerns Fleurimond;Wiener_Kerns_Fleurimond;;;https://ht.wikipedia.org/wiki/Wiener_Kerns_Fleurimond;;5658,00;;;;;;;;;;;
132;Louis-Philippe Dalembert;Q1315386;Louis-Philippe Dalembert;Louis-Philippe_Dalembert;https://fr.wikipedia.org/wiki/Louis-Philippe_Dalembert;https://en.wikipedia.org/wiki/Louis-Philippe_Dalembert;https://ht.wikipedia.org/wiki/Louis-Philippe_Dalembert;10839,00;7983,00;7814,00;;;;;;;;;;
133;;;;;;;;;;;;;;;;;;;;
134;Jeanie Bogart;Q55217166;Jeanie Bogart;Jeanie_Bogart;;;;;;;;;;;;;;;;
135;Georges Sylvain;Q428334;Georges Sylvain;Georges_Sylvain;https://fr.wikipedia.org/wiki/Georges_Sylvain;https://en.wikipedia.org/wiki/Georges_Sylvain;https://ht.wikipedia.org/wiki/Georges_Sylvain;4556,00;1827,00;2460,00;;;;;;;;;;
136;;;;;;;;;;;;;;;;;;;;
137;Marie-Alice ThÃ©ard;Q12894088;Marie-Alice Théard;Marie-Alice_Théard;;https://en.wikipedia.org/wiki/Marie-Alice_Th%C3%A9ard;https://ht.wikipedia.org/wiki/Marie-Alice_Th%C3%A9ard;;1206,00;2493,00;;;;;;;;;;
138;Cécile Accilien;;Cécile Accilien;Cécile_Accilien;;;;;;;;;;;;;;;;
139;Rassoul Labuchin;Q12896004;Rassoul Labuchin;Rassoul_Labuchin;;;https://ht.wikipedia.org/wiki/Rassoul_Labuchin;;1293,00;;;;;;;;;;;
140;Ã‰mile CÃ©lestin-MÃ©gie;Q12890350;Ã‰mile CÃ©lestin-MÃ©gie;Ã‰Mile_Cã©Lestin-Mã©Gie;https://fr.wikipedia.org/wiki/%C3%89mile_C%C3%A9lestin-M%C3%A9gie;;https://ht.wikipedia.org/wiki/%C3%89mile_C%C3%A9lestin-M%C3%A9gie;3871,00;1646,00;;;;;;;;;;;
141;;;;;;;;;;;;;;;;;;;;
142;Jean-Fernand Brierre;Q3165387;Jean-Fernand Brierre;Jean-Fernand_Brierre;https://fr.wikipedia.org/wiki/Jean-Fernand_Brierre;https://en.wikipedia.org/wiki/Jean-Fernand_Brierre;https://ht.wikipedia.org/wiki/Jean-Fernand_Brierre;6832,00;1151,00;4618,00;;;;;;;;;;
143;Alix Renaud;Q2837289;Alix Renaud;Alix_Renaud;https://fr.wikipedia.org/wiki/Alix_Renaud;;https://ht.wikipedia.org/wiki/Alix_Renaud;13126,00;3952,00;;;;;;;;;;;
144;Barbara Bastien;Q88413613;Barbara Bastien;Barbara_Bastien;;;;;;;;;;;;;;;;
145;Villard Denis;Q7930927;Villard Denis;Villard_Denis;;https://en.wikipedia.org/wiki/Villard_Denis;https://ht.wikipedia.org/wiki/Davertige;;823,00;1898,00;;;;;;;;;;
146;Jacqueline Scott-Lemoine;Q26252340;Jacqueline Scott-Lemoine;Jacqueline_Scott-Lemoine;https://fr.wikipedia.org/wiki/Jacqueline_Scott-Lemoine;;https://ht.wikipedia.org/wiki/Jacqueline_Scott-Lemoine;7059,00;805,00;;;;;;;;;;;
147;Michele Cazanove;;Michele Cazanove;Michele_Cazanove;;;;;;;;;;;;;;;;
148;Maximilien Laroche;Q18926023;Maximilien Laroche;Maximilien_Laroche;https://fr.wikipedia.org/wiki/Maximilien_Laroche;;https://ht.wikipedia.org/wiki/Maximilien_Laroche;31447,00;11529,00;;;;;;;;;;;
149;Willems Edouard;;Willems Edouard;Willems_Edouard;;;;;;;;;;;;;;;;
150;Joanne Hyppolite;Q16946660;Joanne Hyppolite;Joanne_Hyppolite;;;https://ht.wikipedia.org/wiki/Joanne_Hyppolite;;755,00;;;;;;;;;;;
151;Emmanuel Buriez;Q39738159;Emmanuel Buriez;Emmanuel_Buriez;;;https://ht.wikipedia.org/wiki/Emmanuel_Buriez;;2749,00;;;;;;;;;;;
152;;;;;;;;;;;;;;;;;;;;
153;;;;;;;;;;;;;;;;;;;;
154;Lawrence Hill;Q3828146;Lawrence Hill;Lawrence_Hill;https://fr.wikipedia.org/wiki/Lawrence_Hill_(basket-ball);;;3217,00;;;;;;;;;;;;
155;;;;;;;;;;;;;;;;;;;;
156;Elvire Maurouard;Q12890330;Elvire Maurouard;Elvire_Maurouard;;;https://ht.wikipedia.org/wiki/Elvire_Maurouard;;3895,00;;;;;;;;;;;
157;Boisrond-Tonnerre;Q940025;Boisrond-Tonnerre;Boisrond-Tonnerre;https://fr.wikipedia.org/wiki/Louis_Boisrond_Tonnerre;https://en.wikipedia.org/wiki/Boisrond-Tonnerre;https://ht.wikipedia.org/wiki/Louis_Boisrond-Tonnerre;3683,00;1714,00;3432,00;;;;;;;;;;
158;Ida Faubert;Q3147761;Ida Faubert;Ida_Faubert;https://fr.wikipedia.org/wiki/Ida_Faubert;https://en.wikipedia.org/wiki/Ida_Faubert;https://ht.wikipedia.org/wiki/Ida_Faubert;3912,00;3223,00;9993,00;;;;;;;;;;
159;Rodianco Fils Azor;;Rodianco Fils Azor;Rodianco_Fils_Azor;;;;;;;;;;;;;;;;
160;Cauvin Paul;Q12888685;Cauvin Paul;Cauvin_Paul;;;https://ht.wikipedia.org/wiki/Cauvin_Paul;;829,00;;;;;;;;;;;
161;Edwidge Danticat;Q450346;Edwidge Danticat;Edwidge_Danticat;https://fr.wikipedia.org/wiki/Edwidge_Danticat;https://en.wikipedia.org/wiki/Edwidge_Danticat;https://ht.wikipedia.org/wiki/Edwidge_Danticat;6676,00;1157,00;31591,00;;;;;;;;;;
162;;;;;;;;;;;;;;;;;;;;
163;Henry Kenol;;Henry Kenol;Henry_Kenol;;;;;;;;;;;;;;;;
164;Soeuf Elbadawi;Q3488805;Soeuf Elbadawi;Soeuf_Elbadawi;https://fr.wikipedia.org/wiki/Soeuf_Elbadawi;;https://ht.wikipedia.org/wiki/Soeuf_Elbadawi;12493,00;1029,00;;;;;;;;;;;
165;Dimitri Elias Léger;;Dimitri Elias Léger;Dimitri_Elias_Léger;;;;;;;;;;;;;;;;
166;Maggy Belin Biais;Q79392218;Maggy Belin Biais;Maggy_Belin_Biais;;;;;;;;;;;;;;;;
167;Maguy-D Jean;;Maguy-D Jean;Maguy-D_Jean;;;;;;;;;;;;;;;;
168;Anderson Dovilas;Q55217151;Anderson Dovilas;Anderson_Dovilas;;;;;;;;;;;;;;;;
169;Rafaël Lucas;;Rafaël Lucas;Rafaël_Lucas;;;;;;;;;;;;;;;;
170;Anthony Phelps;Q2852916;Anthony Phelps;Anthony_Phelps;https://fr.wikipedia.org/wiki/Anthony_Phelps;;https://ht.wikipedia.org/wiki/Anthony_Phelps;16675,00;13349,00;;;;;;;;;;;
171;Michel Bertrand;Q3309004;Michel Bertrand;Michel_Bertrand;https://fr.wikipedia.org/wiki/Michel_Bertrand_(m%C3%A9decin);;;3045,00;;;;;;;;;;;;
172;Marc Exavier;Q18341492;Marc Exavier;Marc_Exavier;;;https://ht.wikipedia.org/wiki/Marc_Exavier;;804,00;;;;;;;;;;;
173;Sophia DÃ©sir;Q18627792;Sophia Désir;Sophia_Désir;;;https://ht.wikipedia.org/wiki/Sophia_D%C3%A9sir;;3665,00;;;;;;;;;;;
174;Marie-SÅ“urette Mathieu;Q468040;Marie-SÅ“urette Mathieu;Marie-Så“Urette_Mathieu;https://fr.wikipedia.org/wiki/Marie-S%C5%93urette_Mathieu;https://en.wikipedia.org/wiki/Marie-S%C5%93urette_Mathieu;https://ht.wikipedia.org/wiki/Marie-S%C5%93urette_Mathieu;6796,00;2174,00;2663,00;;;;;;;;;;
175;Alex Laguerre;Q12887205;Alex Laguerre;Alex_Laguerre;;;https://ht.wikipedia.org/wiki/Alex_Laguerre;;2306,00;;;;;;;;;;;
176;Mehdi Chalmers;;Mehdi Chalmers;Mehdi_Chalmers;;;;;;;;;;;;;;;;
177;Yanick François;;Yanick François;Yanick_François;;;;;;;;;;;;;;;;
178;Verly Dabel;Q18084484;Verly Dabel;Verly_Dabel;;;https://ht.wikipedia.org/wiki/Verly_Dabel;;2179,00;;;;;;;;;;;
179;Paulette Poujol Oriol;Q12895266;Paulette Poujol Oriol;Paulette_Poujol_Oriol;;https://en.wikipedia.org/wiki/Paulette_Poujol-Oriol;https://ht.wikipedia.org/wiki/Paulette_Poujol_Oriol;;1566,00;8460,00;;;;;;;;;;
180;Jacques Rey Charlier;Q79392504;Jacques Rey Charlier;Jacques_Rey_Charlier;;;;;;;;;;;;;;;;
181;Etzer Vilaire;Q3059438;Etzer Vilaire;Etzer_Vilaire;https://fr.wikipedia.org/wiki/Etzer_Vilaire;https://en.wikipedia.org/wiki/Etzer_Vilaire;https://ht.wikipedia.org/wiki/Etzer_Vilaire;3732,00;3404,00;1834,00;;;;;;;;;;
182;Abdou Baco;Q4665140;Abdou Baco;Abdou_Baco;;https://en.wikipedia.org/wiki/Abdou_Baco;https://ht.wikipedia.org/wiki/Abdou_Baco;;691,00;1995,00;;;;;;;;;;
183;Max Dorsinville;Q18412231;Max Dorsinville;Max_Dorsinville;;;https://ht.wikipedia.org/wiki/Max_Dorsinville;;1415,00;;;;;;;;;;;
184;Robert M. Berrouët-Oriol ;;Robert M. Berrouët-Oriol ;Robert_M._Berrouët-Oriol;;;;;;;;;;;;;;;;
185;Jacques Stephen Alexis;Q3031679;Jacques Stephen Alexis;Jacques_Stephen_Alexis;https://fr.wikipedia.org/wiki/Jacques_Stephen_Alexis;https://en.wikipedia.org/wiki/Jacques_Stephen_Alexis;https://ht.wikipedia.org/wiki/Jacques-Stephen_Alexis;11864,00;7592,00;6039,00;;;;;;;;;;
186;Emeric Bergeaud;Q3052174;Emeric Bergeaud;Emeric_Bergeaud;https://fr.wikipedia.org/wiki/%C3%89meric_Bergeaud;https://en.wikipedia.org/wiki/Emeric_Bergeaud;https://ht.wikipedia.org/wiki/Emeric_Bergeaud;2637,00;1919,00;2253,00;;;;;;;;;;
187;Mona GuÃ©rin;Q12894528;Mona Guérin;Mona_Guérin;;https://en.wikipedia.org/wiki/Mona_Gu%C3%A9rin;https://ht.wikipedia.org/wiki/Mona_Gu%C3%A9rin;;2810,00;2977,00;;;;;;;;;;
188;Margaret Papillon;Q12894055;Margaret Papillon;Margaret_Papillon;;;https://ht.wikipedia.org/wiki/Margaret_Papillon;;1104,00;;;;;;;;;;;
189;Leslie Gaelle Nerette;;Leslie Gaelle Nerette;Leslie_Gaelle_Nerette;;;;;;;;;;;;;;;;
190;James NoeÍ?Ìˆl;Q3161308;James NoeÍ?Ìˆl;James_Noeí?ÌˆL;https://fr.wikipedia.org/wiki/James_No%C3%ABl;https://en.wikipedia.org/wiki/James_No%C3%ABl_(poet);https://ht.wikipedia.org/wiki/James_No%C3%ABl;12200,00;4469,00;2784,00;;;;;;;;;;
191;Martine Milard ;;Martine Milard ;Martine_Milard;;;;;;;;;;;;;;;;
192;Johnie Hilaire;;Johnie Hilaire;Johnie_Hilaire;;;;;;;;;;;;;;;;
193;Ketline Adodo;;Ketline Adodo;Ketline_Adodo;;;;;;;;;;;;;;;;
194;Lilas Desquiron;Q12893500;Lilas Desquiron;Lilas_Desquiron;;https://en.wikipedia.org/wiki/Lilas_Desquiron;https://ht.wikipedia.org/wiki/Lilas_Desquiron;;804,00;1665,00;;;;;;;;;;
195;Jean Watson Charles;;Jean Watson Charles;Jean_Watson_Charles;;;;;;;;;;;;;;;;
196;Jacques Roumain;Q1356852;Jacques Roumain;Jacques_Roumain;https://fr.wikipedia.org/wiki/Jacques_Roumain;https://en.wikipedia.org/wiki/Jacques_Roumain;https://ht.wikipedia.org/wiki/Jacques_Roumain;10198,00;7845,00;8954,00;;;;;;;;;;
197;ClÃ©ment Magloire-Saint-Aude;Q2980637;Clément Magloire-Saint-Aude;Clément_Magloire-Saint-Aude;https://fr.wikipedia.org/wiki/Cl%C3%A9ment_Magloire-Saint-Aude;;https://ht.wikipedia.org/wiki/Cl%C3%A9ment_Magloire-Saint-Aude;3345,00;1060,00;;;;;;;;;;;
198;Richardson Dorvil;;Richardson Dorvil;Richardson_Dorvil;;;;;;;;;;;;;;;;
199;Franck FouchÃ©;Q12890741;Franck Fouché;Franck_Fouché;;;https://ht.wikipedia.org/wiki/Franck_Fouch%C3%A9;;820,00;;;;;;;;;;;
200;Christie Binette;;Christie Binette;Christie_Binette;;;;;;;;;;;;;;;;
201;Suzanne Comhaire-Sylvain;Q12897540;Suzanne Comhaire-Sylvain;Suzanne_Comhaire-Sylvain;https://fr.wikipedia.org/wiki/Suzanne_Comhaire-Sylvain;https://en.wikipedia.org/wiki/Suzanne_Comhaire-Sylvain;https://ht.wikipedia.org/wiki/Suzanne_Comhaire-Sylvain;9430,00;4730,00;9945,00;;;;;;;;;;
202;Mayotte CapÃ©cia;Q18421742;Mayotte Capécia;Mayotte_Capécia;;;https://ht.wikipedia.org/wiki/Mayotte_Cap%C3%A9cia;;1063,00;;;;;;;;;;;
203;Maurice CassÃ©us;Q12894241;Maurice Casséus;Maurice_Casséus;;;https://ht.wikipedia.org/wiki/Maurice_Cass%C3%A9us;;853,00;;;;;;;;;;;
204;Jules Bellerice;Q12892188;Jules Bellerice;Jules_Bellerice;;;https://ht.wikipedia.org/wiki/Jules_Bellerice;;789,00;;;;;;;;;;;
205;Jean-Baptiste CinÃ©as;Q3163957;Jean-Baptiste Cinéas;Jean-Baptiste_Cinéas;https://fr.wikipedia.org/wiki/Jean-Baptiste_Cin%C3%A9as;https://en.wikipedia.org/wiki/Jean-Baptiste_Cin%C3%A9as;https://ht.wikipedia.org/wiki/Jean-Baptiste_Cin%C3%A9as;4052,00;1868,00;1528,00;;;;;;;;;;
206;Pierre Clitandre;Q18555690;Pierre Clitandre;Pierre_Clitandre;;;https://ht.wikipedia.org/wiki/Pierre_Clitandre;;2228,00;;;;;;;;;;;
207;Jean D'AmÃ©rique;Q47087234;Jean D'Amérique;Jean_D'Amérique;https://fr.wikipedia.org/wiki/Jean_D%27Am%C3%A9rique;;;6339,00;;;;;;;;;;;;
208;Joelle Constantin;Q91207438;Joelle Constantin;Joelle_Constantin;;;;;;;;;;;;;;;;
209;Fednel Alexandre;;Fednel Alexandre;Fednel_Alexandre;;;;;;;;;;;;;;;;
210;Lucien Lemoine;Q26252366;Lucien Lemoine;Lucien_Lemoine;;;;;;;;;;;;;;;;
211;Charles Edward Caplife;Q12888836;Charles Edward Caplife;Charles_Edward_Caplife;;;https://ht.wikipedia.org/wiki/Charles_Edward_Caplife;;1072,00;;;;;;;;;;;
212;Elsie Augustave;Q19663803;Elsie Augustave;Elsie_Augustave;;https://en.wikipedia.org/wiki/Elsie_Augustave;https://ht.wikipedia.org/wiki/Elsie_Augustave;;1001,00;3348,00;;;;;;;;;;
213;Philippe Thoby-Marcelin;Q3380772;Philippe Thoby-Marcelin;Philippe_Thoby-Marcelin;https://fr.wikipedia.org/wiki/Philippe_Thoby-Marcelin;https://en.wikipedia.org/wiki/Philippe_Thoby-Marcelin;https://ht.wikipedia.org/wiki/Philippe_Thoby-Marcelin;4802,00;843,00;4153,00;;;;;;;;;;
214;Rhoddy Attilus;;Rhoddy Attilus;Rhoddy_Attilus;;;;;;;;;;;;;;;;
215;Claude C. Pierre;Q2977119;Claude C. Pierre;Claude_C._Pierre;https://fr.wikipedia.org/wiki/Claude_C._Pierre;;https://ht.wikipedia.org/wiki/Claude_Pierre;3999,00;2772,00;;;;;;;;;;;
216;Serge Legagneur;Q12897255;Serge Legagneur;Serge_Legagneur;https://fr.wikipedia.org/wiki/Serge_Legagneur;;https://ht.wikipedia.org/wiki/Serge_Legagneur;3901,00;1372,00;;;;;;;;;;;
217;RenÃ© Depestre;Q59581;René Depestre;René_Depestre;https://fr.wikipedia.org/wiki/Ren%C3%A9_Depestre;https://en.wikipedia.org/wiki/Ren%C3%A9_Depestre;https://ht.wikipedia.org/wiki/Ren%C3%A9_Depestre;18853,00;3657,00;15223,00;;;;;;;;;;
218;Mimi BarthÃ©lÃ©my;Q16266631;Mimi Barthélémy;Mimi_Barthélémy;https://fr.wikipedia.org/wiki/Mimi_Barth%C3%A9l%C3%A9my;https://en.wikipedia.org/wiki/Mimi_Barth%C3%A9l%C3%A9my;https://ht.wikipedia.org/wiki/Mimi_Barth%C3%A9l%C3%A9my;5485,00;7116,00;3441,00;;;;;;;;;;
219;Maurice Sixto;Q3301423;Maurice Sixto;Maurice_Sixto;https://fr.wikipedia.org/wiki/Maurice_Sixto;https://en.wikipedia.org/wiki/Maurice_Sixto;https://ht.wikipedia.org/wiki/Maurice_Sixto;2676,00;5312,00;3745,00;;;;;;;;;;
220;Romel Chery;Q20562029;Romel Chery;Romel_Chery;;;https://ht.wikipedia.org/wiki/Romel_Chery;;718,00;;;;;;;;;;;
221;Massillon Coicou;Q3297724;Massillon Coicou;Massillon_Coicou;https://fr.wikipedia.org/wiki/Massillon_Coicou;https://en.wikipedia.org/wiki/Massillon_Coicou;https://ht.wikipedia.org/wiki/Massillon_Coicou;5034,00;3256,00;8410,00;;;;;;;;;;
222;Jean-Claude FignolÃ©;Q3164963;Jean-Claude Fignolé;Jean-Claude_Fignolé;https://fr.wikipedia.org/wiki/Jean-Claude_Fignol%C3%A9;https://en.wikipedia.org/wiki/Jean-Claude_Fignol%C3%A9;https://ht.wikipedia.org/wiki/Jean-Claude_Fignol%C3%A9;4301,00;2785,00;1208,00;;;;;;;;;;
223;Duccha;Q16946096;Duccha;Duccha;;;https://ht.wikipedia.org/wiki/Duccha;;897,00;;;;;;;;;;;
224;Jean Billy Mondesir;;Jean Billy Mondesir;Jean_Billy_Mondesir;;;;;;;;;;;;;;;;
225;Jean Emmanuel Jacquet;Q96198910;Jean Emmanuel Jacquet;Jean_Emmanuel_Jacquet;https://fr.wikipedia.org/wiki/Jean_Emmanuel_Jacquet;;;5144,00;;;;;;;;;;;;
226;Ulysse Saint-Louis Mentor;;Ulysse Saint-Louis Mentor;Ulysse_Saint-Louis_Mentor;;;;;;;;;;;;;;;;
227;DenizÃ© Lauture;Q12889499;Denizé Lauture;Denizé_Lauture;;;https://ht.wikipedia.org/wiki/Denize_Lauture;;1176,00;;;;;;;;;;;
228;Guetty Felin;;Guetty Felin;Guetty_Felin;;;;;;;;;;;;;;;;
229;Giscard Bouchotte;;Giscard Bouchotte;Giscard_Bouchotte;;;;;;;;;;;;;;;;
230;Carl Brouard;Q2938879;Carl Brouard;Carl_Brouard;https://fr.wikipedia.org/wiki/Carl_Brouard;https://en.wikipedia.org/wiki/Carl_Brouard;https://ht.wikipedia.org/wiki/Carl_Brouard;4515,00;2066,00;2448,00;;;;;;;;;;
231;LaÃ«nnec Hurbon;Q16946779;Laënnec Hurbon;Laënnec_Hurbon;;https://en.wikipedia.org/wiki/La%C3%ABnnec_Hurbon;https://ht.wikipedia.org/wiki/La%C3%ABnnec_Hurbon;;1788,00;4622,00;;;;;;;;;;
232;Robert BerrouÃ«t-Oriol;Q55217164;Robert Berrouët-Oriol;Robert_Berrouët-Oriol;;;;;;;;;;;;;;;;
233;Stephen Alexis;Q3502258;Stephen Alexis;Stephen_Alexis;https://fr.wikipedia.org/wiki/St%C3%A9phen_Alexis;https://en.wikipedia.org/wiki/Stephen_Alexis;https://ht.wikipedia.org/wiki/Stephen_Alexis;4150,00;1688,00;1835,00;;;;;;;;;;
234;Lewis Ampidu Clorméus;;Lewis Ampidu Clorméus;Lewis_Ampidu_Clorméus;;;;;;;;;;;;;;;;
235;Emilio Merisier;;Emilio Merisier;Emilio_Merisier;;;;;;;;;;;;;;;;
236;Marie Vieux Chauvet;Q3292853;Marie Vieux Chauvet;Marie_Vieux_Chauvet;https://fr.wikipedia.org/wiki/Marie_Vieux-Chauvet;https://en.wikipedia.org/wiki/Marie_Vieux_Chauvet;https://ht.wikipedia.org/wiki/Marie_Vieux-Chauvet;5583,00;9522,00;7036,00;;;;;;;;;;
237;Obrillant Damus;;Obrillant Damus;Obrillant_Damus;;;;;;;;;;;;;;;;
238;Jacqueline BeaugÃ©-Rosier;Q3157670;Jacqueline Beaugé-Rosier;Jacqueline_Beaugé-Rosier;https://fr.wikipedia.org/wiki/Jacqueline_Beaug%C3%A9-Rosier;https://en.wikipedia.org/wiki/Jacqueline_Beaug%C3%A9-Rosier;https://ht.wikipedia.org/wiki/Jacqueline_Beaug%C3%A9-Rosier;3944,00;910,00;3206,00;;;;;;;;;;
239;Clervoyant Dieurat;;Clervoyant Dieurat;Clervoyant_Dieurat;;;;;;;;;;;;;;;;
240;MichÃ¨le Voltaire Marcelin;Q18461233;Michèle Voltaire Marcelin;Michèle_Voltaire_Marcelin;;;https://ht.wikipedia.org/wiki/Mich%C3%A8le_Voltaire-Marcelin;;895,00;;;;;;;;;;;
241;Emilie Franz;Q16946141;Emilie Franz;Emilie_Franz;;;https://ht.wikipedia.org/wiki/Emilie_Franz;;741,00;;;;;;;;;;;
242;Elie Fleurant;;Elie Fleurant;Elie_Fleurant;;;;;;;;;;;;;;;;
243;J.-P. Richard Narcisse;Q55217260;J.-P. Richard Narcisse;J.-P._Richard_Narcisse;;;;;;;;;;;;;;;;
244;Ange Bellie Andou;;Ange Bellie Andou;Ange_Bellie_Andou;;;;;;;;;;;;;;;;
245;Jean-Claude Charles;Q12891856;Jean-Claude Charles;Jean-Claude_Charles;;;https://ht.wikipedia.org/wiki/Jean-Claude_Charles;;812,00;;;;;;;;;;;
246;Janine Tavernier;Q3162015;Janine Tavernier;Janine_Tavernier;https://fr.wikipedia.org/wiki/Janine_Tavernier;;;4854,00;;;;;;;;;;;;
247;;;;;97;83;147;8203,97;2614,78;4944,43;;;;;;;;;;
